"","0","1","2","3","4","5","6","7","8","9","10","11","12","13","14","15","16","17","18","19","20","21","22","23","24","25","26","27","28","29","30","31","32","33","34","35","36","37","38","39","40","41","42","43","44","45","46","47","48","49","50","51","52","53","54","55","56","57","58","59","60","61","62","63","64","65","66","67","68","69","70","71"
"0",0,0.0219443744584226,0.028728499568357,0.0666854791961748,0.0673671699933468,0.0678409125818253,0.0391439140308432,0.0486657397820867,0.0475566031315578,0.0700276387934678,0.0711732429820608,0.0674535814786816,0.0667373144070921,0.0528554904222107,0.0574191049720792,0.0531697611609841,0.0412646580857938,0.0446409941453135,0.0611006741750989,0.0383616501839537,0.0425115447226197,0.074067396802233,0.0895288469035906,0.0726265232158868,0.0600143596142346,0.0612905471984357,0.0719161037150034,0.0575122486324385,0.0539390951485686,0.0551160124881508,0.0593397386153222,0.0676153599230613,0.0632612974983665,0.0648797380074459,0.0648797380074459,0.0677765130237197,0.0558332533194155,0.0525310307189732,0.0507907068000097,0.066875051291087,0.0615047293879869,0.0521393032971785,0.049736444479963,0.0576303685982139,0.0541855019213611,0.046112536487445,0.0501270917093882,0.0495740428756627,0.0513358977889502,0.0521748773943662,0.0545897014519724,0.0625793580927561,0.063848732965616,0.0614036237379582,0.0554726304619078,0.0569950760407004,0.050229076450994,0.0616455772995541,0.065266078489764,0.0633266413028544,0.0519633212837377,0.0461733108397223,0.0513308333394937,0.0540167950114972,0.061531488702888,0.0569666619650187,0.0624531976224861,0.0588824607591237,0.063612380121549,0.0391496545962196,0.0521885177321096,0.047725515797064
"1",0.0219443744584226,0,0.0189541516462859,0.0634642061232898,0.0648973802290459,0.0673265184163474,0.0381242668963362,0.0465821034305726,0.0429734485368686,0.062483291854564,0.063995545768581,0.0586773277831445,0.0571795865499421,0.043559135721195,0.0470006793425768,0.0408635383081512,0.0287590066749446,0.0402039075368829,0.0521137849220208,0.0318598054334109,0.0358979118702922,0.0638883954902421,0.0778607803381186,0.0630777243396473,0.053033445781279,0.0553712264669805,0.0648163592737556,0.0507802515938457,0.0487403153302502,0.047601461397913,0.0502980794835191,0.0556133367422553,0.0527616855889505,0.0556105178694545,0.0556105178694545,0.0580388881670127,0.0471853718750578,0.0441455506107051,0.0443958039862919,0.0558097107265356,0.0489668052098018,0.04162425561084,0.0456761470992194,0.0517392374044196,0.0493833337720537,0.0375438883513746,0.0395415504396113,0.0402291925623857,0.0443400351755602,0.043196521281152,0.0467020018448043,0.0500810126088614,0.0523272533095465,0.0475109386372809,0.0478321020083866,0.0492372612723566,0.0434561209638882,0.0530056881881562,0.0577494623333477,0.0573514128062291,0.0443060335114452,0.0369486282013276,0.0428816548729993,0.0450125480324567,0.0523599843321401,0.0478761253291038,0.0520688075117761,0.0478146633282766,0.053955139414004,0.0268545681196161,0.0410744707534051,0.0361515387461292
"2",0.028728499568357,0.0189541516462859,0,0.0629064344066882,0.0655384957330607,0.0665428591541717,0.0391732816967056,0.0452658680999858,0.0430336425916089,0.0620704959081366,0.0646646814091207,0.0590330576902005,0.0641236058298811,0.0537479106623784,0.0539460511195879,0.0418025577360557,0.0291602047548362,0.0485801295818989,0.0548726284988945,0.0408822876040785,0.0423645914229339,0.0603611881770384,0.0731050018264304,0.0603114632598779,0.056671756970144,0.0590498323423536,0.0681716264005611,0.043116597692225,0.0408177164637281,0.0414308979320396,0.0452967885355481,0.050678038878818,0.0482102965218786,0.049166298338718,0.049166298338718,0.0530334369720056,0.0460798208407512,0.0421384721189689,0.0427373281741672,0.0485985782442037,0.0460989737995559,0.0382160388731842,0.046263414510498,0.0488364342711933,0.0486920240143459,0.0307155317860026,0.0314848006546064,0.0338512889002569,0.0465782479260352,0.0457620308856454,0.0491752639613322,0.0520017420149344,0.0541761644661575,0.0482490140118162,0.0551521547436832,0.0594580158047507,0.0548302664276746,0.0522942377037524,0.057140571561877,0.0578457726311034,0.0423458027970515,0.0383198457395998,0.0418345823800102,0.0496671337420097,0.0563314600802424,0.0525170428927379,0.0556549111327092,0.0527554543149917,0.0582636148107938,0.0333612452513624,0.0432051662759624,0.0378400481696878
"3",0.0666854791961748,0.0634642061232898,0.0629064344066882,0,0.0104809105313009,0.0158074333011617,0.0765185961812292,0.0733676288701929,0.0730708232907183,0.0595873489852188,0.0549358118246396,0.0537916670616104,0.0804149781480532,0.0769406060339582,0.0821075113161457,0.0626196920952686,0.0569459006941243,0.0626001883308559,0.0724963488898012,0.0673443924682773,0.0644845945170848,0.0701582588617476,0.0742355646074637,0.0535500743568108,0.0628392987601371,0.0662856514857595,0.0720494723410981,0.0503781159112875,0.0432739235912882,0.0416676928254365,0.0498116463136011,0.0539705004887071,0.0500716396340445,0.0741075894685986,0.0741075894685986,0.0791814010519234,0.0589809905123754,0.060375361825783,0.0604020382262969,0.061807612786923,0.0543612866653583,0.0471500912151194,0.056482231031886,0.0732335914907599,0.0625166113060345,0.0665492763251619,0.0556998519937454,0.0565230700811274,0.0753620900880314,0.0709019281437921,0.0729090174843684,0.0601982439448016,0.067021425927298,0.0642405523891227,0.0654335455977277,0.0717956260201418,0.0696022361240801,0.0549032064066823,0.0557383763787212,0.0576282001964461,0.0648573423843478,0.0585122112195744,0.059585668318806,0.0688562767766097,0.0715910998640444,0.0699604671270963,0.0569858128449356,0.0621614337515621,0.0615002993438206,0.0526309208782325,0.0478933002818265,0.0533879278695469
"4",0.0673671699933468,0.0648973802290459,0.0655384957330607,0.0104809105313009,0,0.0128735591107495,0.0798528139946878,0.0776542044263569,0.0772118248882024,0.061184996447212,0.0549322697292443,0.054751687737032,0.083254015069871,0.0783851176952214,0.0844450727480764,0.0641937431607352,0.0583380372508847,0.0640847423140097,0.0771807725774717,0.0691231620125102,0.0659436601924556,0.0746368058974605,0.078689740115282,0.0570379987033036,0.0664791955730301,0.0695500628160142,0.0756754665839483,0.0532740437980686,0.0465068742989158,0.0452374197516942,0.0527091258997298,0.0577543995911099,0.0545642756081655,0.0763921426846904,0.0763921426846904,0.0805182353615449,0.0633160017704027,0.0646219331289927,0.0644867267853205,0.0659243815163408,0.057407698427233,0.0513961828468039,0.0600495385831701,0.0765771359349265,0.0651082578065725,0.0693127501198084,0.0594433773814972,0.05993493439031,0.0787178086003196,0.0736110027607101,0.0762641091681824,0.0636540555577608,0.0698244987412064,0.0677753738338969,0.0689293448838885,0.0741907436465561,0.0714682562887009,0.0570223719633875,0.0570725379711367,0.0585226396586907,0.0679736023285037,0.0613535229892449,0.0630112109740736,0.0703119328451975,0.0727267117043092,0.071103669389622,0.060600694494126,0.0651757891413614,0.0655098056507889,0.0559997851563441,0.0515336546785455,0.0568802947994566
"5",0.0678409125818253,0.0673265184163474,0.0665428591541717,0.0158074333011617,0.0128735591107495,0,0.0803545051210553,0.0777483214353665,0.0779430121902133,0.060928744607274,0.0561386165739797,0.0564637299930542,0.0865279085496489,0.0821995500872505,0.0866138200072534,0.0677591863625505,0.061017583193976,0.0689642748459007,0.0771032699655174,0.0701159763175122,0.0655228073496851,0.0757371184356072,0.0799154079353248,0.0589474215153613,0.0663200522133801,0.0688062059867679,0.0752701598635571,0.0524819154372284,0.0449921482891125,0.0455892316960809,0.0545863846199525,0.0600959246311695,0.0558854761163111,0.0765168716306592,0.0765168716306592,0.0818766124019294,0.064200112527341,0.0660751141672312,0.0653012453778557,0.0647578782364095,0.0590780997889036,0.0520916596432883,0.0614533813604062,0.0770060807549943,0.0666935855812603,0.0697992968424577,0.0602733011885232,0.0609439288302594,0.0794868300450904,0.0759895098959097,0.0774700455414846,0.0672303176598937,0.0718913643850967,0.07113670538673,0.0730355930237805,0.0790723954845384,0.0758419107432081,0.0599267105461236,0.0600703161375592,0.061666360636002,0.0692927783258998,0.0636350699818747,0.0651650670105669,0.0725183017630783,0.0758129609088324,0.0734631982423459,0.0641776866044801,0.0700505228036242,0.069700499680037,0.0586474338451608,0.052821169823095,0.0581145087316352
"6",0.0391439140308432,0.0381242668963362,0.0391732816967056,0.0765185961812292,0.0798528139946878,0.0803545051210553,0,0.0161802726758576,0.0159512643647569,0.0815687826408614,0.0869606284571719,0.0809182722497664,0.0689947790480125,0.0580292482218813,0.0585648446673772,0.0601202636400004,0.0507509689815528,0.0499660380820018,0.0529094765015986,0.041050389565207,0.0484442017968771,0.0705747346518989,0.0847617610463646,0.0719976743961491,0.0563070141423098,0.0565119043807346,0.0678304271398653,0.0669871102998691,0.0609835218917837,0.0600930459490734,0.0629793380161199,0.0665522457514961,0.0624142756977539,0.0701642585311738,0.0701642585311738,0.0771543026602361,0.0491139069583178,0.0429555934587757,0.0475537751515301,0.0668341642432522,0.0633771885559178,0.0533923476317929,0.0426982935826726,0.0516867475570038,0.0495781600041662,0.0541646371598097,0.0513285100701459,0.0512077705190827,0.0423055095186452,0.04853580639835,0.049293104160857,0.0628387033709112,0.0652225911804019,0.0596782542704951,0.0473056449349643,0.0490828585037913,0.0476901122023671,0.0645744211121537,0.069167092170182,0.0690908570843833,0.0477044347976579,0.0432454689559026,0.0463707923634558,0.044752153205056,0.0524232617090674,0.0479464752723077,0.0592047673594265,0.0566238850852899,0.0599976930743495,0.0396666443884031,0.0489888491955612,0.044095720800685
"7",0.0486657397820867,0.0465821034305726,0.0452658680999858,0.0733676288701929,0.0776542044263569,0.0777483214353665,0.0161802726758576,0,0.00928965877160061,0.0816184588332922,0.086754802738172,0.0810755435553664,0.0730017922945678,0.0641748260710883,0.0638463360458404,0.0637953039839141,0.0531875673440654,0.0572352246809694,0.0554823309952239,0.047329521267411,0.0522893933933398,0.0659175739863466,0.07773949715702,0.0659791681545237,0.0561358159935322,0.0571849581271196,0.0675371984007043,0.0666484438976004,0.0595102008803044,0.0581343479853496,0.0605044951939836,0.0641884915238974,0.0591887456914376,0.0685714857520836,0.0685714857520836,0.0773319609723446,0.049123492181451,0.0438049557431853,0.0485575187312931,0.0629610367541796,0.0599062166645985,0.0499060391804648,0.0358722697836057,0.0466894782131002,0.0437446218419044,0.0575515115345456,0.0512742737717019,0.0525919975068287,0.0447506558659804,0.0518632782170419,0.0515433977637638,0.0612316101696851,0.0642669772125498,0.0590442604201092,0.0469387849212131,0.0524532096924338,0.0515653957705526,0.0597830276647898,0.0645323822537284,0.0645103419835617,0.0427578484127554,0.0400627637935801,0.0413776262381762,0.042005739399619,0.048165604316734,0.0451544932376695,0.0554396937220988,0.055057496964668,0.0570582533791696,0.0397733431269951,0.0439966346294395,0.0408255846126839
"8",0.0475566031315578,0.0429734485368686,0.0430336425916089,0.0730708232907183,0.0772118248882024,0.0779430121902133,0.0159512643647569,0.00928965877160061,0,0.079585750506455,0.0845191067002554,0.0787099836527931,0.0677737348165134,0.0591249089006252,0.058111602307396,0.0619253259573212,0.0505112713854569,0.0549889723687346,0.0533689541429986,0.0449242911276655,0.0492650604750572,0.0668764010217948,0.0777662990730124,0.0663529112464139,0.0544910945127353,0.0560351291594149,0.0663097034334575,0.0661780107151672,0.0600085744382482,0.05723871661222,0.0574699744371101,0.0602850828197824,0.0556493043231876,0.0672576744207522,0.0672576744207522,0.0754144419248028,0.0458496629465558,0.0404539056987418,0.0455403780933904,0.0630490896845879,0.0582096585329019,0.0490141518014073,0.0366942384139983,0.0479725828061539,0.0453401970389719,0.0562291268302901,0.0497560252324034,0.0512528282138814,0.0429051383079305,0.0499793800805177,0.0501682668892308,0.0567735460359293,0.0601956499365242,0.0553519769929626,0.0448367187583499,0.0502305544568036,0.0488248981768742,0.058484925104515,0.0632518746896462,0.0641186004777726,0.0408887793097033,0.0372299257676048,0.0392859895155256,0.0388877235686756,0.045064542977441,0.0416603050186553,0.0539550173182549,0.053912126960279,0.0566045776035451,0.0369457114433425,0.0411278899319819,0.0382452726167069
"9",0.0700276387934678,0.062483291854564,0.0620704959081366,0.0595873489852188,0.061184996447212,0.060928744607274,0.0815687826408614,0.0816184588332922,0.079585750506455,0,0.0257902679531851,0.0253134945086017,0.0774219239615352,0.0798972394924553,0.0814093057341638,0.064471848780308,0.0570269998180617,0.0772875933723947,0.067181486764197,0.0625969854930993,0.0580316415283767,0.0706340332390251,0.0743245627541719,0.0613628781394,0.0618439644129213,0.0633890877447974,0.0666791768999191,0.0570521444235388,0.0541763779789644,0.051754274058761,0.0516118478726795,0.0548165961668406,0.0497395756279012,0.0687362396316395,0.0687362396316395,0.0712612127960585,0.0686473291521827,0.0767435028693444,0.0715995537162129,0.0555632795450981,0.0511702780425247,0.0538812623659385,0.0682359013385572,0.077202813043023,0.0698972778433928,0.0667638098424916,0.0603933393507426,0.0620871292688867,0.0843885884714785,0.0742365973903306,0.0741911129670588,0.0545186014445141,0.0504687687096269,0.0543767525161737,0.0725098965927674,0.0775477776136673,0.0739832379834609,0.0676259946325036,0.0701530167558544,0.0715953219855925,0.0698023316566838,0.0650799133106562,0.0672974388216112,0.070528041643415,0.0743480765868468,0.0720356873009052,0.0612194171294641,0.0700762010543613,0.066329365409938,0.0557323777162552,0.054109755420517,0.0557989280534928
"10",0.0711732429820608,0.063995545768581,0.0646646814091207,0.0549358118246396,0.0549322697292443,0.0561386165739797,0.0869606284571719,0.086754802738172,0.0845191067002554,0.0257902679531851,0,0.0121488930974168,0.0840308639051445,0.0812373867406301,0.0849115450171308,0.0702853846302097,0.0595991266455873,0.0810153767892801,0.0796803357996961,0.0705414334342385,0.0644957391008197,0.0728732509661757,0.075529501655664,0.061630024041846,0.0718474146375114,0.075380620255782,0.0802845369851069,0.0558688280062814,0.0547051060061108,0.0497477119571889,0.0469949465949694,0.0523562590018335,0.0497462899220763,0.0666655446522781,0.0666655446522781,0.0673650256357319,0.0716778458741704,0.0776681263371324,0.0728632771370223,0.0610151479722969,0.0521338947687261,0.0546455082369468,0.0681270101259626,0.0770277153331302,0.0699460561389252,0.0698947505909104,0.0645694226661701,0.067180532884338,0.0896858017343326,0.0801209797710855,0.0825787147758428,0.0553344394737251,0.058591445062696,0.0589255752941011,0.0780780643079078,0.0828637835514104,0.0788978796275373,0.0652065857468398,0.0680968256613889,0.0682171362283775,0.0699304551867132,0.0655195790739178,0.0681606753102089,0.0758911438712359,0.0787107142820222,0.0773303421376745,0.0669214490074795,0.0719710454342837,0.0707092899505253,0.0578196272099651,0.0553986648299981,0.0571906145853434
"11",0.0674535814786816,0.0586773277831445,0.0590330576902005,0.0537916670616104,0.054751687737032,0.0564637299930542,0.0809182722497664,0.0810755435553664,0.0787099836527931,0.0253134945086017,0.0121488930974168,0,0.0798845110656054,0.0759606055127386,0.0795770366978895,0.0660239201460314,0.0558251975430884,0.0759650734899729,0.0745854733883415,0.0668825322409862,0.062692027621961,0.0679369485974536,0.0712864929661416,0.0580366820098761,0.0689008535426814,0.0723413966519562,0.0782457691871849,0.0530944537586815,0.0518205221152193,0.0460570321426696,0.0413409497470057,0.0455199983627071,0.0434032751242008,0.0616340728961129,0.0616340728961129,0.0626864938899324,0.0676919053277379,0.0722880123586185,0.0688364575058898,0.0571358454466823,0.0482607584454305,0.0503248974111745,0.0649037909206473,0.0738103621516118,0.0672705523755864,0.0652623384640223,0.0592688223998952,0.0619505077162987,0.0846740765153917,0.0758611334431808,0.0783847876102842,0.0499018369817237,0.055529299363836,0.0528397467403831,0.0732903417958097,0.0770818278157936,0.0746178933901568,0.0629811767668986,0.0663474254390664,0.0671642876014341,0.0663977712652664,0.0614959792883889,0.064290936862667,0.0727698370493882,0.0761591329392631,0.074535851570728,0.0630815848279567,0.0669246732281189,0.0656468992417283,0.0523727802440089,0.0510647047467183,0.0519420408113674
"12",0.0667373144070921,0.0571795865499421,0.0641236058298811,0.0804149781480532,0.083254015069871,0.0865279085496489,0.0689947790480125,0.0730017922945678,0.0677737348165134,0.0774219239615352,0.0840308639051445,0.0798845110656054,0,0.0292831219915207,0.0270571767903784,0.0551426789455822,0.0545904108412728,0.0527088540837245,0.0475662167096931,0.0482812145914993,0.0521289646219971,0.0828201888476708,0.0890050924358586,0.0799009380462722,0.0473446495139554,0.0525558260552541,0.055423988262396,0.0699564051563545,0.0723867217846639,0.0694562275208081,0.0779480297141868,0.0779253608388406,0.0720817027650011,0.0854661426075415,0.0854661426075415,0.0854094014451266,0.0589852383901543,0.0640466026448735,0.0616544433623839,0.0796705146058802,0.0715388047264861,0.071232411835787,0.0767734719623849,0.0849752666867364,0.0838403200839972,0.0633012227544166,0.0611764285566251,0.0600476464665243,0.0495778266328333,0.04554601738568,0.0447937710780676,0.0666001887959042,0.065007105442822,0.0650473358844562,0.0555263430043976,0.0575265888564303,0.0555173950706123,0.0663109290475131,0.0677541213845147,0.0732824439527552,0.0649138952035566,0.0590525929425673,0.0623406425505151,0.066134559200722,0.0714467325158186,0.0658134448576304,0.058339721355615,0.0609482752812958,0.0642789468770493,0.0596554596926353,0.0632639108239323,0.0645710299229748
"13",0.0528554904222107,0.043559135721195,0.0537479106623784,0.0769406060339582,0.0783851176952214,0.0821995500872505,0.0580292482218813,0.0641748260710883,0.0591249089006252,0.0798972394924553,0.0812373867406301,0.0759606055127386,0.0292831219915207,0,0.0192897282444937,0.0507442258377714,0.0466308424410722,0.0433143438406536,0.0551868099986274,0.0446382613651063,0.0503143355289983,0.0792440564275118,0.0883701854838432,0.0768426744775389,0.0534652416315261,0.0586951412480488,0.0656887406412254,0.0679532288813709,0.0697214310808743,0.0667477861559786,0.0703155390600679,0.0726063836015046,0.0686702691446707,0.0733663836774698,0.0733663836774698,0.0725950312118414,0.0588793336981175,0.057634807972681,0.0594213430499464,0.0778882126169002,0.0677685914222363,0.0656788789849719,0.0696255107124327,0.0775287375730556,0.0762459504334114,0.0555803711935126,0.0558210562218664,0.0549903381973867,0.0453874382638501,0.0455954255524072,0.0480315881509939,0.064423903638592,0.0678795341755329,0.0635497812444985,0.0537217890810586,0.0525153520824355,0.050649181481601,0.0615854271254661,0.0639100268978601,0.0674423343689133,0.0584726267638085,0.0516434040495739,0.0567048827671293,0.0595563306596954,0.0655019765316036,0.0600478671388032,0.0596873647680405,0.0552049173981252,0.0629435514271359,0.0513058609674181,0.0579934450999456,0.057633979080617
"14",0.0574191049720792,0.0470006793425768,0.0539460511195879,0.0821075113161457,0.0844450727480764,0.0866138200072534,0.0585648446673772,0.0638463360458404,0.058111602307396,0.0814093057341638,0.0849115450171308,0.0795770366978895,0.0270571767903784,0.0192897282444937,0,0.0553780065556298,0.050471401209149,0.0540382904051031,0.0519081313008085,0.0470164644557981,0.0500741629767763,0.0799345504799557,0.0870776529769509,0.0792206219612517,0.0529724679420329,0.0580995117750085,0.0642400764572034,0.0675765494706685,0.0701759262647535,0.0674442285874713,0.0722565116945505,0.0731458294829207,0.0686615191396871,0.0726823435094238,0.0726823435094238,0.0735063126586626,0.0569314621653884,0.057026871335739,0.0576441539926056,0.0754545368160646,0.0687234265833425,0.0665671932160432,0.071997886552001,0.07715796575674,0.0789972720316712,0.0561027504636952,0.0558560597492267,0.0564044984747474,0.0423123107088663,0.0464686616928637,0.0467562528302343,0.064459160807287,0.066225238620038,0.0635475480126436,0.0594655955541949,0.0602933517630293,0.0585320723678015,0.0636975500156786,0.0665728698398449,0.0714891813785478,0.0571616246155481,0.052295612182048,0.0569821963772782,0.0606384457303836,0.067134171613128,0.0609326936460295,0.0629891789454867,0.0616687896533524,0.0679068190423381,0.0540090169955176,0.057729399828063,0.0570244464790537
"15",0.0531697611609841,0.0408635383081512,0.0418025577360557,0.0626196920952686,0.0641937431607352,0.0677591863625505,0.0601202636400004,0.0637953039839141,0.0619253259573212,0.064471848780308,0.0702853846302097,0.0660239201460314,0.0551426789455822,0.0507442258377714,0.0553780065556298,0,0.0263838613447512,0.0385712923885337,0.0478525669544909,0.0418414466619668,0.0464605515030065,0.0546142052471028,0.0668823358750238,0.0521387624080971,0.0494502844103403,0.0517077633239793,0.054484937717644,0.0457564837037479,0.0453941102044407,0.0498762174189081,0.0643564541664546,0.0655946034445812,0.0632089844599835,0.0622076339653409,0.0622076339653409,0.0626450042432086,0.0562044202480454,0.0576125517284078,0.0585436366744272,0.0493445118034899,0.0493558762982593,0.0450624543060893,0.0597592378555397,0.0618046816731925,0.0585354139842649,0.036129006664047,0.0345923097998118,0.0328006885480261,0.0466423401296441,0.0357883102838333,0.038692224963049,0.0631674013453929,0.060052033183674,0.0555188449050044,0.0495324802832679,0.0530708411045992,0.0488214916203889,0.0493518646590963,0.0517280602782228,0.0539162301441788,0.054020635662835,0.0475962638041441,0.0495480051870466,0.0530595151884958,0.0579588607998086,0.0543924857902277,0.0442017800102102,0.0406359248772701,0.0476868806880045,0.0433359573895392,0.0510364958638516,0.0508253259256033
"16",0.0412646580857938,0.0287590066749446,0.0291602047548362,0.0569459006941243,0.0583380372508847,0.061017583193976,0.0507509689815528,0.0531875673440654,0.0505112713854569,0.0570269998180617,0.0595991266455873,0.0558251975430884,0.0545904108412728,0.0466308424410722,0.050471401209149,0.0263838613447512,0,0.0439007633922292,0.0523392373382185,0.0369308870823859,0.0362511775429148,0.0536044964840044,0.0640331603120629,0.0485258183591115,0.044764086334063,0.0487446171297048,0.0558800453514517,0.0399829283278433,0.0389663346022315,0.0395976049849676,0.0479025544954633,0.0535218987419536,0.0498001516652035,0.0500333011993586,0.0500333011993586,0.0512025852250312,0.0470709867127162,0.0478183562644202,0.0480060493192426,0.0447960033469719,0.0359969308919524,0.0349616777019679,0.0453693711157752,0.0499818467757536,0.0454312374614484,0.0300283194985723,0.0280521423101189,0.0294287905146435,0.0434702518134556,0.0371387998166059,0.0404221569590315,0.0522854325255538,0.0504255624703138,0.047593027859456,0.0454845376133064,0.0527490051872707,0.045362685235678,0.0366879291870001,0.0403106608575516,0.0413698671906907,0.0374731902808797,0.0318059408958132,0.034885639053775,0.0406030430434684,0.0454616076657374,0.041856448558637,0.0390059232488686,0.0378957674722522,0.0457858039104362,0.031969340962276,0.0376052825051116,0.0372833704222623
"17",0.0446409941453135,0.0402039075368829,0.0485801295818989,0.0626001883308559,0.0640847423140097,0.0689642748459007,0.0499660380820018,0.0572352246809694,0.0549889723687346,0.0772875933723947,0.0810153767892801,0.0759650734899729,0.0527088540837245,0.0433143438406536,0.0540382904051031,0.0385712923885337,0.0439007633922292,0,0.0508620757944838,0.0399642974049407,0.0507954839621663,0.0756160912128734,0.0892702318965647,0.0711040938126151,0.0524658863826011,0.0535866775235288,0.0608679780903182,0.0638863291445126,0.0605039747118273,0.0612860374786766,0.0694109647810798,0.0715920619951505,0.069012392037005,0.0809207393634341,0.0809207393634341,0.0825567554022357,0.0556163287668693,0.0526317397938982,0.0560862619258431,0.0746616043228839,0.0677730336836149,0.0594048397037061,0.0608670980343223,0.0732858765889775,0.066097126400272,0.0555055781372551,0.0533405754730818,0.0495015602015435,0.0483973440863365,0.0432980422828336,0.0469060744161851,0.0679673628015215,0.0707408053285751,0.0647514237235052,0.0424310156012834,0.0391827538104231,0.0382726885520444,0.0632802632552518,0.0646343664690567,0.0658605059637296,0.0627321944055071,0.0532837201340964,0.0569456178246901,0.0569725996296012,0.062887680367867,0.0584449328813494,0.0537604473174231,0.0483870178854122,0.0537996227515088,0.0449548552502108,0.0575819633695449,0.0566239515372004
"18",0.0611006741750989,0.0521137849220208,0.0548726284988945,0.0724963488898012,0.0771807725774717,0.0771032699655174,0.0529094765015986,0.0554823309952239,0.0533689541429986,0.067181486764197,0.0796803357996961,0.0745854733883415,0.0475662167096931,0.0551868099986274,0.0519081313008085,0.0478525669544909,0.0523392373382185,0.0508620757944838,0,0.0329341436648391,0.0384780448457335,0.0643690090072817,0.0759710851115067,0.0657924265107212,0.0335691458963559,0.033680731241934,0.0377900675561942,0.0592301933234931,0.0569334092882219,0.0579839892770723,0.0736934236533794,0.0710357534374928,0.0647619936418706,0.080666246551305,0.080666246551305,0.0855446890433313,0.0467462379098546,0.0534205303685753,0.0529093341022234,0.0581020226201522,0.0599094443406829,0.0531419246448917,0.0620167172806617,0.0684380272408874,0.0682028130411066,0.0543467354631875,0.049262107042674,0.0475845370520786,0.0412399677689521,0.0383314501747228,0.0315612604211495,0.0623788216766747,0.0573563839991527,0.0567907418717659,0.0477321298873581,0.0506119926834799,0.0495740815710413,0.0658348768998882,0.0693725704558009,0.073446050496176,0.060581377718293,0.0542468257646839,0.0564678559785986,0.0584783537289669,0.0666107578501888,0.0600167883270525,0.0494885889223473,0.0548284769967929,0.0530017695480381,0.0469521872189429,0.0515981539079698,0.0520006059152964
"19",0.0383616501839537,0.0318598054334109,0.0408822876040785,0.0673443924682773,0.0691231620125102,0.0701159763175122,0.041050389565207,0.047329521267411,0.0449242911276655,0.0625969854930993,0.0705414334342385,0.0668825322409862,0.0482812145914993,0.0446382613651063,0.0470164644557981,0.0418414466619668,0.0369308870823859,0.0399642974049407,0.0329341436648391,0,0.0187892877139224,0.0674385282474139,0.0800104026055632,0.0650165950329431,0.0347888384921661,0.0347094674985068,0.0441597147524821,0.0567433688981033,0.0529925045653976,0.0538831700527536,0.0644368000768598,0.0681457399709924,0.0622229126306675,0.0724746455864018,0.0724746455864018,0.0760716363336199,0.0448213804231989,0.0489536233023144,0.0472002605936228,0.0595369101395078,0.0544005667453724,0.0490888825565629,0.0493542456984175,0.0584474796724904,0.0542367740713704,0.048834515681823,0.047478718623842,0.0463040727628923,0.0364257890754663,0.0337660101071477,0.032009749521998,0.0567394055265245,0.0516609740718886,0.052563959582064,0.0404250349021863,0.042274916396273,0.0365655231564635,0.0556742785249909,0.0588547134944625,0.0593754317986365,0.0489380385899244,0.0412328967056252,0.0462658255144648,0.0424098788652799,0.0507875669890655,0.0441996372228144,0.0457979973147716,0.0483128836405897,0.0508367202801142,0.03439473603646,0.0436017528857954,0.0419146657149634
"20",0.0425115447226197,0.0358979118702922,0.0423645914229339,0.0644845945170848,0.0659436601924556,0.0655228073496851,0.0484442017968771,0.0522893933933398,0.0492650604750572,0.0580316415283767,0.0644957391008197,0.062692027621961,0.0521289646219971,0.0503143355289983,0.0500741629767763,0.0464605515030065,0.0362511775429148,0.0507954839621663,0.0384780448457335,0.0187892877139224,0,0.0688333954672181,0.0797737152806646,0.0648280526923865,0.034940825032958,0.0365609041553736,0.0447065562811577,0.0534415315976128,0.0506840175494776,0.0511088889146735,0.0605962285016712,0.0643053875065997,0.0578828325347414,0.0690405807972075,0.0690405807972075,0.0728601289030152,0.04272373498086,0.0487901053148248,0.0458491279009185,0.0565348587106052,0.0507181462724791,0.0457720797460255,0.0502441649544991,0.0586285509485046,0.0550967861703644,0.0463525530374731,0.0450239386739054,0.0448013016842544,0.0422078898474245,0.0416073782935355,0.0398134662703671,0.0563622076293799,0.049532424226689,0.05472569891588,0.0495026545089584,0.0554248669904097,0.0460705832196549,0.0544070601512928,0.0580056149165599,0.0590148890158065,0.0488552331762369,0.0421099321700515,0.0468092829268178,0.0429543904595326,0.0506695032025324,0.0439673507862502,0.0485117746138657,0.0543623548516737,0.0571112851515947,0.0379690788548238,0.0414748678147451,0.042709763996888
"21",0.074067396802233,0.0638883954902421,0.0603611881770384,0.0701582588617476,0.0746368058974605,0.0757371184356072,0.0705747346518989,0.0659175739863466,0.0668764010217948,0.0706340332390251,0.0728732509661757,0.0679369485974536,0.0828201888476708,0.0792440564275118,0.0799345504799557,0.0546142052471028,0.0536044964840044,0.0756160912128734,0.0643690090072817,0.0674385282474139,0.0688333954672181,0,0.0276067138126265,0.0251415184176583,0.0659096321163154,0.0692037426701673,0.0732129471391518,0.0479091205562209,0.0476194762855374,0.0492363010891932,0.0660913072897455,0.0663000848905313,0.0629406623131498,0.0555699376441667,0.0555699376441667,0.0603682882165762,0.0678987684900319,0.0686489640369943,0.0677719482353785,0.0309929109448606,0.0415613758539644,0.0365181900981669,0.0501172220520732,0.0400305311209922,0.0456960289145349,0.0517617032108473,0.0466367952696142,0.0501151466053667,0.0614134392172616,0.0563403381163062,0.0563499547330073,0.0625267601664698,0.0637572154238704,0.0555439417450709,0.0560801643843947,0.0647970883136502,0.0633142743602996,0.0457035635141322,0.0522082056543232,0.05223580262108,0.0498512678815801,0.0495603100347466,0.0471265995818032,0.0683974735628849,0.0716549166372337,0.070976422762757,0.0448394461860122,0.0409755706461717,0.0404553077641386,0.0490055296524141,0.0488455515338539,0.048601873782986
"22",0.0895288469035906,0.0778607803381186,0.0731050018264304,0.0742355646074637,0.078689740115282,0.0799154079353248,0.0847617610463646,0.07773949715702,0.0777662990730124,0.0743245627541719,0.075529501655664,0.0712864929661416,0.0890050924358586,0.0883701854838432,0.0870776529769509,0.0668823358750238,0.0640331603120629,0.0892702318965647,0.0759710851115067,0.0800104026055632,0.0797737152806646,0.0276067138126265,0,0.0259338557914457,0.0739815820286138,0.0778196572776804,0.0809193872270942,0.0553190144003745,0.0558110394087017,0.0558227789298261,0.0681039606375241,0.0680569888656051,0.0654177049866503,0.0602666640433901,0.0602666640433901,0.0653264160492235,0.0758795034829403,0.0772570716906451,0.0764135931226252,0.0392798763326531,0.0474948210281298,0.0486057750321826,0.0602419460922154,0.0527836950321865,0.0568668255776254,0.068030668593804,0.0586156760601818,0.0641462481206096,0.0719526189373297,0.0684374909371727,0.068210826738135,0.0654629209852064,0.0681851671474436,0.0613085404306017,0.0674526417829523,0.0772452763360288,0.0780712472458464,0.0441263881922007,0.048417580465814,0.0513325446716793,0.0524483612476942,0.0546200796728563,0.0506282734286313,0.076023034820255,0.0768095508231958,0.077260878476218,0.0520926382355486,0.0537118127453818,0.0517838255279081,0.060734310675524,0.053082930238967,0.0547236510391878
"23",0.0726265232158868,0.0630777243396473,0.0603114632598779,0.0535500743568108,0.0570379987033036,0.0589474215153613,0.0719976743961491,0.0659791681545237,0.0663529112464139,0.0613628781394,0.061630024041846,0.0580366820098761,0.0799009380462722,0.0768426744775389,0.0792206219612517,0.0521387624080971,0.0485258183591115,0.0711040938126151,0.0657924265107212,0.0650165950329431,0.0648280526923865,0.0251415184176583,0.0259338557914457,0,0.0615852979642216,0.065278392864043,0.0699954839325454,0.043247473986429,0.0402777255846539,0.0405944102917691,0.0551312669128797,0.057087719596904,0.0533727228550822,0.055622478610654,0.055622478610654,0.0604769011458985,0.0638692459527378,0.0653904819818207,0.0647691614256116,0.0328596958166748,0.0347346160327201,0.0321823850360317,0.0449491794891233,0.0453452079917882,0.0423793170905946,0.0557656773981598,0.0451451048867202,0.0492128823827343,0.0630843499072276,0.0572251786439386,0.058024155387975,0.0552571838584116,0.0578870044677883,0.0519246923101985,0.0531269258885277,0.0630627450151939,0.061783446509493,0.0321155909465299,0.0361016208024006,0.0379542599159437,0.0441202467776693,0.0424285241990665,0.0395105306763033,0.0619620057657351,0.0632984612164206,0.0634161333697942,0.0374308480806284,0.0393548250612787,0.0382531423933296,0.0453142189513165,0.0390865945851852,0.04274780815284
"24",0.0600143596142346,0.053033445781279,0.056671756970144,0.0628392987601371,0.0664791955730301,0.0663200522133801,0.0563070141423098,0.0561358159935322,0.0544910945127353,0.0618439644129213,0.0718474146375114,0.0689008535426814,0.0473446495139554,0.0534652416315261,0.0529724679420329,0.0494502844103403,0.044764086334063,0.0524658863826011,0.0335691458963559,0.0347888384921661,0.034940825032958,0.0659096321163154,0.0739815820286138,0.0615852979642216,0,0.0105099271424829,0.0194804220636709,0.0554143248524073,0.0525842884219361,0.0539466335800989,0.0693883969449802,0.0717049721081825,0.0643944016269943,0.0754482365597679,0.0754482365597679,0.0803484548731861,0.0457262350162807,0.0538885288914056,0.0525720670572663,0.0595831411893752,0.0560384488466181,0.0530915181999775,0.0558509439744158,0.0666957371203363,0.0615034531360299,0.0565041681944604,0.0506080100624463,0.0495704972638913,0.0447239387256737,0.0401938298798264,0.0347223759599945,0.0654382254834326,0.0601688100468319,0.0621434726324684,0.0446929290794683,0.0510112936600448,0.047933851270837,0.0542668053746911,0.0573349690931815,0.059699404646927,0.0527585678161807,0.0469104287239748,0.0494039165957151,0.0498808365017135,0.0572102918781793,0.050214242331059,0.041824494727258,0.0511487051154274,0.0494243830163355,0.0451671480655496,0.0451698016640297,0.0474560529122953
"25",0.0612905471984357,0.0553712264669805,0.0590498323423536,0.0662856514857595,0.0695500628160142,0.0688062059867679,0.0565119043807346,0.0571849581271196,0.0560351291594149,0.0633890877447974,0.075380620255782,0.0723413966519562,0.0525558260552541,0.0586951412480488,0.0580995117750085,0.0517077633239793,0.0487446171297048,0.0535866775235288,0.033680731241934,0.0347094674985068,0.0365609041553736,0.0692037426701673,0.0778196572776804,0.065278392864043,0.0105099271424829,0,0.0167729167488204,0.0595796736084942,0.0555704626480835,0.0580207234505054,0.0732016220991008,0.0755294683538856,0.0684190933388301,0.0796142807350185,0.0796142807350185,0.0851412104245828,0.0488303163543458,0.0567643113432496,0.0553460823223813,0.0621546315629356,0.0605001252531215,0.0569322494160528,0.05818892610389,0.0689467865028047,0.0631684662588402,0.0604992659079163,0.0550021219395622,0.0533401555419418,0.0468949041453703,0.042990466014071,0.036993131412575,0.068782161426804,0.0620817737968253,0.0646081077590147,0.0457683611217709,0.0508087613215227,0.0483691117172664,0.0596899921868205,0.0624161591660486,0.0642575029592793,0.0574141771186481,0.0513765574766972,0.0539467483177989,0.0518442451338307,0.0594758897765606,0.0523241216563751,0.0450430040885197,0.0548525682285404,0.0522088964018034,0.0479780979206619,0.0490147856252304,0.0503728901571243
"26",0.0719161037150034,0.0648163592737556,0.0681716264005611,0.0720494723410981,0.0756754665839483,0.0752701598635571,0.0678304271398653,0.0675371984007043,0.0663097034334575,0.0666791768999191,0.0802845369851069,0.0782457691871849,0.055423988262396,0.0656887406412254,0.0642400764572034,0.054484937717644,0.0558800453514517,0.0608679780903182,0.0377900675561942,0.0441597147524821,0.0447065562811577,0.0732129471391518,0.0809193872270942,0.0699954839325454,0.0194804220636709,0.0167729167488204,0,0.0660254687297307,0.0628594048957296,0.0662990661495466,0.0820604751921453,0.0833970514076322,0.0764521971811222,0.0855475310743145,0.0855475310743145,0.0908929053360018,0.0575375965817425,0.0670146758519465,0.064818797270167,0.0657925606878945,0.0668028907781207,0.0636388224868454,0.0675224792029459,0.0764670303848599,0.0710240819152404,0.0666287791675754,0.0614127634881193,0.0598443223110735,0.0556009740036354,0.0497129960904014,0.0429870537867804,0.0760362168430431,0.0671328944589173,0.0712944105368618,0.05377008266165,0.0594039629575395,0.0564926345281923,0.0663087972861636,0.0689467672481071,0.0707585156267046,0.0662236457104007,0.060778243215391,0.0626814568772833,0.0577112487871468,0.0643285661625349,0.057998783464906,0.0499393371916245,0.0607598688265369,0.0574739093401745,0.0566773216402138,0.0569407139027819,0.0592692299251403
"27",0.0575122486324385,0.0507802515938457,0.043116597692225,0.0503781159112875,0.0532740437980686,0.0524819154372284,0.0669871102998691,0.0666484438976004,0.0661780107151672,0.0570521444235388,0.0558688280062814,0.0530944537586815,0.0699564051563545,0.0679532288813709,0.0675765494706685,0.0457564837037479,0.0399829283278433,0.0638863291445126,0.0592301933234931,0.0567433688981033,0.0534415315976128,0.0479091205562209,0.0553190144003745,0.043247473986429,0.0554143248524073,0.0595796736084942,0.0660254687297307,0,0.0139997158059918,0.0208546824375009,0.0529456951897792,0.0559733096400944,0.0526036217974071,0.0564733450388187,0.0564733450388187,0.0585269343186122,0.0512397291326601,0.0553062417258995,0.0506607079824935,0.0394294234524704,0.0432843685520345,0.0374425731561543,0.0540566549194775,0.0537961910165856,0.0540499952313308,0.0396234956688881,0.0347755570301283,0.0378144365662009,0.0571672535385207,0.0476620113660799,0.05122933656272,0.0612368502195945,0.0629865753205893,0.0579867319947699,0.0629172233287724,0.0704128062854504,0.0669010378442886,0.0430662909316383,0.0467779777761681,0.0503071518706936,0.0477201724198894,0.0464343708287392,0.0465931931614132,0.0653531748065698,0.0703999800707115,0.0668602756958201,0.0528027839013911,0.0536110664366772,0.056077332895892,0.0479347187460389,0.0467666720781774,0.0462556509394094
"28",0.0539390951485686,0.0487403153302502,0.0408177164637281,0.0432739235912882,0.0465068742989158,0.0449921482891125,0.0609835218917837,0.0595102008803044,0.0600085744382482,0.0541763779789644,0.0547051060061108,0.0518205221152193,0.0723867217846639,0.0697214310808743,0.0701759262647535,0.0453941102044407,0.0389663346022315,0.0605039747118273,0.0569334092882219,0.0529925045653976,0.0506840175494776,0.0476194762855374,0.0558110394087017,0.0402777255846539,0.0525842884219361,0.0555704626480835,0.0628594048957296,0.0139997158059918,0,0.0157049112356884,0.0484819962243913,0.0526112137424467,0.0483949771931458,0.0574869535644646,0.0574869535644646,0.0620393060160214,0.0473905811633968,0.051450171278711,0.0475710737115335,0.0363759959366546,0.0399012887871621,0.0323703484215692,0.0461962419049647,0.0497230861155344,0.0468515911522584,0.0418821668711623,0.034117712099231,0.0367749829900076,0.0561564956498441,0.0475558440827955,0.0503836299206046,0.0572130740904978,0.0587541828220338,0.0537847262395485,0.0585783495808429,0.0661317478358607,0.0632541746681516,0.0421887871652052,0.0456840740247616,0.0480709311895224,0.0454239997788803,0.0434340287961377,0.043621429028565,0.0595652014371391,0.0646676473700782,0.0614390436892578,0.0489627981302323,0.0514229189347759,0.0526602922398828,0.0427725766044369,0.0411703216059743,0.0406068233671379
"29",0.0551160124881508,0.047601461397913,0.0414308979320396,0.0416676928254365,0.0452374197516942,0.0455892316960809,0.0600930459490734,0.0581343479853496,0.05723871661222,0.051754274058761,0.0497477119571889,0.0460570321426696,0.0694562275208081,0.0667477861559786,0.0674442285874713,0.0498762174189081,0.0395976049849676,0.0612860374786766,0.0579839892770723,0.0538831700527536,0.0511088889146735,0.0492363010891932,0.0558227789298261,0.0405944102917691,0.0539466335800989,0.0580207234505054,0.0662990661495466,0.0208546824375009,0.0157049112356884,0,0.0395674004121805,0.0425441107188438,0.0381854197452482,0.0580944724218315,0.0580944724218315,0.0620457515996376,0.0423638049932568,0.0470733175448807,0.0433475259310892,0.0389702531723136,0.03396544848221,0.0299550363318603,0.0427469528960624,0.0495776697106956,0.0461247931111327,0.0447142914577191,0.035233694463085,0.0383224793209396,0.0579590036334604,0.0487947186254799,0.0526826089537234,0.046762099619165,0.0515586998258428,0.0450547225399547,0.055912754365699,0.0632656084888579,0.0607455563737961,0.0413180555552146,0.0452811412807813,0.048575200193047,0.0432317769986072,0.0406496410872949,0.0413039707997838,0.0577534486848343,0.0622136264673924,0.0594408052519179,0.0469267371381462,0.0496209436410213,0.0510165579447338,0.0394817957611398,0.0364642692625237,0.0363979551387323
"30",0.0593397386153222,0.0502980794835191,0.0452967885355481,0.0498116463136011,0.0527091258997298,0.0545863846199525,0.0629793380161199,0.0605044951939836,0.0574699744371101,0.0516118478726795,0.0469949465949694,0.0413409497470057,0.0779480297141868,0.0703155390600679,0.0722565116945505,0.0643564541664546,0.0479025544954633,0.0694109647810798,0.0736934236533794,0.0644368000768598,0.0605962285016712,0.0660913072897455,0.0681039606375241,0.0551312669128797,0.0693883969449802,0.0732016220991008,0.0820604751921453,0.0529456951897792,0.0484819962243913,0.0395674004121805,0,0.0173990226511165,0.0176111258022748,0.0525627656464142,0.0525627656464142,0.0578096238825998,0.0535705699338616,0.0505339133790684,0.0526272741712476,0.0530673249230167,0.0387828843540922,0.0393899749334269,0.0493670866700179,0.0608846683721425,0.0550679778794298,0.056909330852411,0.0467830295406781,0.0510903451054407,0.0721268777291808,0.0701650510436228,0.0738011960119303,0.0377119714320794,0.0493404113161591,0.0428930227065613,0.0647761280413006,0.0717047527996885,0.0691117051932662,0.0530282857275479,0.0560548388875015,0.0591860140348929,0.0510320028752615,0.0475416780463795,0.0489475792184653,0.0597799898448272,0.0617157294745971,0.0613179815201191,0.0595272201896692,0.0619266243515924,0.0648656168838165,0.0441260711784039,0.0395708132930004,0.0406173092727484
"31",0.0676153599230613,0.0556133367422553,0.050678038878818,0.0539705004887071,0.0577543995911099,0.0600959246311695,0.0665522457514961,0.0641884915238974,0.0602850828197824,0.0548165961668406,0.0523562590018335,0.0455199983627071,0.0779253608388406,0.0726063836015046,0.0731458294829207,0.0655946034445812,0.0535218987419536,0.0715920619951505,0.0710357534374928,0.0681457399709924,0.0643053875065997,0.0663000848905313,0.0680569888656051,0.057087719596904,0.0717049721081825,0.0755294683538856,0.0833970514076322,0.0559733096400944,0.0526112137424467,0.0425441107188438,0.0173990226511165,0,0.0127983793799364,0.0580500030682797,0.0580500030682797,0.0630274826871287,0.0530633970772394,0.0501911350893771,0.0540883521986384,0.0535167811110467,0.0409476720996246,0.0408674771239377,0.0561869478897913,0.0661905840700824,0.062404891337054,0.0587034146969617,0.0470525228362382,0.0508554061390576,0.074129912441591,0.0717209250567372,0.0752469537904732,0.0367923805268936,0.0495096146799638,0.0415143461861298,0.0672282602332577,0.0733745774744787,0.0716205841951262,0.0597794025563641,0.0631274177777034,0.0681206262143555,0.0580177408782179,0.053700969612923,0.0547036297699868,0.0647549973522265,0.0669217768255899,0.0660968978800031,0.061877929187443,0.0643832614241448,0.0668928241652017,0.0484067689069043,0.0435517836643483,0.045582553533738
"32",0.0632612974983665,0.0527616855889505,0.0482102965218786,0.0500716396340445,0.0545642756081655,0.0558854761163111,0.0624142756977539,0.0591887456914376,0.0556493043231876,0.0497395756279012,0.0497462899220763,0.0434032751242008,0.0720817027650011,0.0686702691446707,0.0686615191396871,0.0632089844599835,0.0498001516652035,0.069012392037005,0.0647619936418706,0.0622229126306675,0.0578828325347414,0.0629406623131498,0.0654177049866503,0.0533727228550822,0.0643944016269943,0.0684190933388301,0.0764521971811222,0.0526036217974071,0.0483949771931458,0.0381854197452482,0.0176111258022748,0.0127983793799364,0,0.0569021241863511,0.0569021241863511,0.0626976188808223,0.0482976463788583,0.0478047621859094,0.0498784253103033,0.0495130717755122,0.0361708787514091,0.0362814944901804,0.0505859182562985,0.0623390866691125,0.0581829141204048,0.0550567988968741,0.0428811073949594,0.0466357158223175,0.0687598666919415,0.0670159230867832,0.0691152596498894,0.0314149372516719,0.0422530254078671,0.0368628317622686,0.0619752376188821,0.0695421198928193,0.0669327802039291,0.0551527579034801,0.0586678252185691,0.0635205316716685,0.0527648432591071,0.0485186355860615,0.049426802488567,0.0602125396963904,0.0629448904051754,0.0616460771379556,0.0553942079662183,0.0603756748473811,0.0615214369089689,0.0438247635697281,0.0377222630850648,0.0409810255075256
"33",0.0648797380074459,0.0556105178694545,0.049166298338718,0.0741075894685986,0.0763921426846904,0.0765168716306592,0.0701642585311738,0.0685714857520836,0.0672576744207522,0.0687362396316395,0.0666655446522781,0.0616340728961129,0.0854661426075415,0.0733663836774698,0.0726823435094238,0.0622076339653409,0.0500333011993586,0.0809207393634341,0.080666246551305,0.0724746455864018,0.0690405807972075,0.0555699376441667,0.0602666640433901,0.055622478610654,0.0754482365597679,0.0796142807350185,0.0855475310743145,0.0564733450388187,0.0574869535644646,0.0580944724218315,0.0525627656464142,0.0580500030682797,0.0569021241863511,0,0,0.0159592887907226,0.0773227541999488,0.0728746072203722,0.0758516854968821,0.0485859707889617,0.0508181043576475,0.0481503588168627,0.0621622972523753,0.0576634300171655,0.0600885244453101,0.047520779395464,0.0455279747990609,0.0514423129755399,0.0724973166288764,0.0745496313942664,0.075880988075128,0.0648191818521198,0.068291810587137,0.0638055763422052,0.0767041570008997,0.0837907529812948,0.0796998171680065,0.0547840299820227,0.0605458103020805,0.0611171462687822,0.0520857105898268,0.0524141730919078,0.053058815591989,0.0646069668156916,0.0677325938043874,0.0666031843879927,0.0649759181564723,0.0627150573136032,0.0676999378011007,0.0550398740395986,0.0529255700275216,0.0523603000075862
"34",0.0648797380074459,0.0556105178694545,0.049166298338718,0.0741075894685986,0.0763921426846904,0.0765168716306592,0.0701642585311738,0.0685714857520836,0.0672576744207522,0.0687362396316395,0.0666655446522781,0.0616340728961129,0.0854661426075415,0.0733663836774698,0.0726823435094238,0.0622076339653409,0.0500333011993586,0.0809207393634341,0.080666246551305,0.0724746455864018,0.0690405807972075,0.0555699376441667,0.0602666640433901,0.055622478610654,0.0754482365597679,0.0796142807350185,0.0855475310743145,0.0564733450388187,0.0574869535644646,0.0580944724218315,0.0525627656464142,0.0580500030682797,0.0569021241863511,0,0,0.0159592887907226,0.0773227541999488,0.0728746072203722,0.0758516854968821,0.0485859707889617,0.0508181043576475,0.0481503588168627,0.0621622972523753,0.0576634300171655,0.0600885244453101,0.047520779395464,0.0455279747990609,0.0514423129755399,0.0724973166288764,0.0745496313942664,0.075880988075128,0.0648191818521198,0.068291810587137,0.0638055763422052,0.0767041570008997,0.0837907529812948,0.0796998171680065,0.0547840299820227,0.0605458103020805,0.0611171462687822,0.0520857105898268,0.0524141730919078,0.053058815591989,0.0646069668156916,0.0677325938043874,0.0666031843879927,0.0649759181564723,0.0627150573136032,0.0676999378011007,0.0550398740395986,0.0529255700275216,0.0523603000075862
"35",0.0677765130237197,0.0580388881670127,0.0530334369720056,0.0791814010519234,0.0805182353615449,0.0818766124019294,0.0771543026602361,0.0773319609723446,0.0754144419248028,0.0712612127960585,0.0673650256357319,0.0626864938899324,0.0854094014451266,0.0725950312118414,0.0735063126586626,0.0626450042432086,0.0512025852250312,0.0825567554022357,0.0855446890433313,0.0760716363336199,0.0728601289030152,0.0603682882165762,0.0653264160492235,0.0604769011458985,0.0803484548731861,0.0851412104245828,0.0908929053360018,0.0585269343186122,0.0620393060160214,0.0620457515996376,0.0578096238825998,0.0630274826871287,0.0626976188808223,0.0159592887907226,0.0159592887907226,0,0.0831674099905862,0.079237980705308,0.0816057250050551,0.0560670793027635,0.0551905092603603,0.0550082500115856,0.0700696234791907,0.0650940168594647,0.0671628505276341,0.0483745605070843,0.0490499346523467,0.0541734150955165,0.0772470351880481,0.0766048122741228,0.079107064818302,0.0697205315888494,0.0730538523885132,0.0684515247200522,0.0809046308782999,0.087077749458848,0.0823466063406928,0.0579682487919366,0.0629668617336155,0.0638643309744381,0.0577731852208534,0.0576902941098311,0.0585917952399305,0.0700440390747439,0.0726831226317137,0.0715941779074613,0.0689611185816364,0.0647924151672096,0.071142947840878,0.0611185202573617,0.0608394977939323,0.0603578322064718
"36",0.0558332533194155,0.0471853718750578,0.0460798208407512,0.0589809905123754,0.0633160017704027,0.064200112527341,0.0491139069583178,0.049123492181451,0.0458496629465558,0.0686473291521827,0.0716778458741704,0.0676919053277379,0.0589852383901543,0.0588793336981175,0.0569314621653884,0.0562044202480454,0.0470709867127162,0.0556163287668693,0.0467462379098546,0.0448213804231989,0.04272373498086,0.0678987684900319,0.0758795034829403,0.0638692459527378,0.0457262350162807,0.0488303163543458,0.0575375965817425,0.0512397291326601,0.0473905811633968,0.0423638049932568,0.0535705699338616,0.0530633970772394,0.0482976463788583,0.0773227541999488,0.0773227541999488,0.0831674099905862,0,0.019541320294784,0.0161376238321031,0.0575704620123977,0.0502326185413772,0.0451748381749099,0.0477636080516804,0.0585633910554841,0.0567582112125094,0.0529751044511118,0.0456337322700716,0.0460870354122419,0.0442385498852863,0.0429916336809986,0.0441629194940246,0.0503133713108136,0.0526136090312257,0.04947139428494,0.051089945415693,0.0573155881190167,0.0542963354336577,0.0561235320742264,0.0604043477787139,0.0636600089647797,0.0494825173932687,0.0445602611051696,0.0468051614332,0.057053736243041,0.062657851326024,0.058181917880042,0.0566375760448773,0.0606866859725756,0.0624880413099454,0.0424102701253655,0.0426109265908337,0.0426436185297088
"37",0.0525310307189732,0.0441455506107051,0.0421384721189689,0.060375361825783,0.0646219331289927,0.0660751141672312,0.0429555934587757,0.0438049557431853,0.0404539056987418,0.0767435028693444,0.0776681263371324,0.0722880123586185,0.0640466026448735,0.057634807972681,0.057026871335739,0.0576125517284078,0.0478183562644202,0.0526317397938982,0.0534205303685753,0.0489536233023144,0.0487901053148248,0.0686489640369943,0.0772570716906451,0.0653904819818207,0.0538885288914056,0.0567643113432496,0.0670146758519465,0.0553062417258995,0.051450171278711,0.0470733175448807,0.0505339133790684,0.0501911350893771,0.0478047621859094,0.0728746072203722,0.0728746072203722,0.079237980705308,0.019541320294784,0,0.0191061737061776,0.0607591501793037,0.0532736216068531,0.0454137096243187,0.0470154106918744,0.0572526049877963,0.0565131451420332,0.0516605679095468,0.0446860497460368,0.0453781865018264,0.0422963839893877,0.0475832114758978,0.0502369450226845,0.052755742372415,0.0595184150057915,0.0528350860674669,0.0517535205633281,0.0570181612560275,0.0550173819962845,0.0567317630702552,0.0611294264426862,0.0642810808793362,0.0488831021463621,0.0435221456304997,0.0456850101678681,0.0587153000366559,0.0640916208302635,0.0600975271070587,0.0602452078486857,0.0603583158226687,0.0644417788613301,0.0421520323450481,0.0441843233276466,0.0432043531982799
"38",0.0507907068000097,0.0443958039862919,0.0427373281741672,0.0604020382262969,0.0644867267853205,0.0653012453778557,0.0475537751515301,0.0485575187312931,0.0455403780933904,0.0715995537162129,0.0728632771370223,0.0688364575058898,0.0616544433623839,0.0594213430499464,0.0576441539926056,0.0585436366744272,0.0480060493192426,0.0560862619258431,0.0529093341022234,0.0472002605936228,0.0458491279009185,0.0677719482353785,0.0764135931226252,0.0647691614256116,0.0525720670572663,0.0553460823223813,0.064818797270167,0.0506607079824935,0.0475710737115335,0.0433475259310892,0.0526272741712476,0.0540883521986384,0.0498784253103033,0.0758516854968821,0.0758516854968821,0.0816057250050551,0.0161376238321031,0.0191061737061776,0,0.05934698401149,0.0532653920441573,0.045922260960599,0.0459136635530034,0.054746376080413,0.0546375486192613,0.0523911760562756,0.0473548107887199,0.0482763915965427,0.0434784320445883,0.0453584683519918,0.0475431390486087,0.0514927225306063,0.0556284833986626,0.0514943986623552,0.0512632686569997,0.0578764450670999,0.0543212059375481,0.0552981362849691,0.0597294107258243,0.0621558842009964,0.0477342764841734,0.0434240612039738,0.0456346104330541,0.0605537073606619,0.0659099724650438,0.0621362122688612,0.0595533424691909,0.0617146083668479,0.0637453203089294,0.0421518978267185,0.0443565250334425,0.0427807855560698
"39",0.066875051291087,0.0558097107265356,0.0485985782442037,0.061807612786923,0.0659243815163408,0.0647578782364095,0.0668341642432522,0.0629610367541796,0.0630490896845879,0.0555632795450981,0.0610151479722969,0.0571358454466823,0.0796705146058802,0.0778882126169002,0.0754545368160646,0.0493445118034899,0.0447960033469719,0.0746616043228839,0.0581020226201522,0.0595369101395078,0.0565348587106052,0.0309929109448606,0.0392798763326531,0.0328596958166748,0.0595831411893752,0.0621546315629356,0.0657925606878945,0.0394294234524704,0.0363759959366546,0.0389702531723136,0.0530673249230167,0.0535167811110467,0.0495130717755122,0.0485859707889617,0.0485859707889617,0.0560670793027635,0.0575704620123977,0.0607591501793037,0.05934698401149,0,0.0277546192602999,0.025371808861056,0.0487494241951104,0.0421996740432695,0.0461336590033077,0.0439123405138787,0.0365279918296107,0.0417669643282521,0.0605163797069308,0.056269234747582,0.0553884784494157,0.0525940201136092,0.0494907636149376,0.045449422625522,0.0622150390865103,0.071209732966946,0.0677602680404494,0.0464251209277761,0.0522111497247424,0.0537466751100592,0.0475280402808359,0.0473003640779788,0.0464344663995213,0.0601672581625079,0.0642572174572084,0.0626054914459904,0.0476706174629603,0.0509874191057173,0.0512665216987995,0.0442159161375571,0.0404023372916391,0.0403661343859311
"40",0.0615047293879869,0.0489668052098018,0.0460989737995559,0.0543612866653583,0.057407698427233,0.0590780997889036,0.0633771885559178,0.0599062166645985,0.0582096585329019,0.0511702780425247,0.0521338947687261,0.0482607584454305,0.0715388047264861,0.0677685914222363,0.0687234265833425,0.0493558762982593,0.0359969308919524,0.0677730336836149,0.0599094443406829,0.0544005667453724,0.0507181462724791,0.0415613758539644,0.0474948210281298,0.0347346160327201,0.0560384488466181,0.0605001252531215,0.0668028907781207,0.0432843685520345,0.0399012887871621,0.03396544848221,0.0387828843540922,0.0409476720996246,0.0361708787514091,0.0508181043576475,0.0508181043576475,0.0551905092603603,0.0502326185413772,0.0532736216068531,0.0532653920441573,0.0277546192602999,0,0.0215830877824931,0.0412917872357728,0.0444517622030393,0.0424983364446285,0.0447907748377226,0.0359256224501249,0.0405196218141548,0.0597476677633753,0.053953397065515,0.0552164430248127,0.0380443714125812,0.0384403521605165,0.0334483701344109,0.0539649264267907,0.0629139424458579,0.0582785231320618,0.0384553232032416,0.0435616422921037,0.0453308518235144,0.0413283205294004,0.0389780889761141,0.039423175478617,0.0516121403004146,0.0542836432894081,0.0532791549253281,0.0398663201228969,0.0430870334876014,0.0459130846735995,0.0366639857880407,0.0322164914581399,0.0343096592282613
"41",0.0521393032971785,0.04162425561084,0.0382160388731842,0.0471500912151194,0.0513961828468039,0.0520916596432883,0.0533923476317929,0.0499060391804648,0.0490141518014073,0.0538812623659385,0.0546455082369468,0.0503248974111745,0.071232411835787,0.0656788789849719,0.0665671932160432,0.0450624543060893,0.0349616777019679,0.0594048397037061,0.0531419246448917,0.0490888825565629,0.0457720797460255,0.0365181900981669,0.0486057750321826,0.0321823850360317,0.0530915181999775,0.0569322494160528,0.0636388224868454,0.0374425731561543,0.0323703484215692,0.0299550363318603,0.0393899749334269,0.0408674771239377,0.0362814944901804,0.0481503588168627,0.0481503588168627,0.0550082500115856,0.0451748381749099,0.0454137096243187,0.045922260960599,0.025371808861056,0.0215830877824931,0,0.0328509345433105,0.0367673242058462,0.0354690317251411,0.0378103186857283,0.0285131907342843,0.0329300965842807,0.0524823806724558,0.0500444092937547,0.0510606539014633,0.0411779107081677,0.0439209948364774,0.0386603429533212,0.0488609648117018,0.0583148477463769,0.0529174779857028,0.0387091131524581,0.0450512743418705,0.046135034554165,0.0387493756730364,0.0343490320806169,0.0348753415795837,0.0492964582099582,0.0536656506760824,0.0519299010467384,0.0389341871245916,0.0403496835065436,0.0425627591883017,0.027650260291728,0.0260339683630348,0.0284636003840274
"42",0.049736444479963,0.0456761470992194,0.046263414510498,0.056482231031886,0.0600495385831701,0.0614533813604062,0.0426982935826726,0.0358722697836057,0.0366942384139983,0.0682359013385572,0.0681270101259626,0.0649037909206473,0.0767734719623849,0.0696255107124327,0.071997886552001,0.0597592378555397,0.0453693711157752,0.0608670980343223,0.0620167172806617,0.0493542456984175,0.0502441649544991,0.0501172220520732,0.0602419460922154,0.0449491794891233,0.0558509439744158,0.05818892610389,0.0675224792029459,0.0540566549194775,0.0461962419049647,0.0427469528960624,0.0493670866700179,0.0561869478897913,0.0505859182562985,0.0621622972523753,0.0621622972523753,0.0700696234791907,0.0477636080516804,0.0470154106918744,0.0459136635530034,0.0487494241951104,0.0412917872357728,0.0328509345433105,0,0.0269171299690937,0.0164226228743917,0.0564335755861866,0.0493798828317923,0.0522278246478518,0.0517347546079743,0.0521492129001103,0.0534026632490075,0.0469511349038904,0.0506599213481902,0.0465168105490702,0.0392120906827562,0.0495924616403042,0.0454138613680026,0.0398981628623172,0.0458633757736172,0.0420006888360021,0.0309373163904134,0.0278911959149634,0.0284010191721717,0.0422038952514048,0.0451995808023086,0.045101803838471,0.0397787675832628,0.0414774196067776,0.0417518422760327,0.0276503831034174,0.0285170457288643,0.0271069828346294
"43",0.0576303685982139,0.0517392374044196,0.0488364342711933,0.0732335914907599,0.0765771359349265,0.0770060807549943,0.0516867475570038,0.0466894782131002,0.0479725828061539,0.077202813043023,0.0770277153331302,0.0738103621516118,0.0849752666867364,0.0775287375730556,0.07715796575674,0.0618046816731925,0.0499818467757536,0.0732858765889775,0.0684380272408874,0.0584474796724904,0.0586285509485046,0.0400305311209922,0.0527836950321865,0.0453452079917882,0.0666957371203363,0.0689467865028047,0.0764670303848599,0.0537961910165856,0.0497230861155344,0.0495776697106956,0.0608846683721425,0.0661905840700824,0.0623390866691125,0.0576634300171655,0.0576634300171655,0.0650940168594647,0.0585633910554841,0.0572526049877963,0.054746376080413,0.0421996740432695,0.0444517622030393,0.0367673242058462,0.0269171299690937,0,0.0212136084726857,0.0535123571185103,0.0512591574731049,0.055334184158456,0.053352873451292,0.0542451974170901,0.0557791836679973,0.0577889664951262,0.0586796680890583,0.0533028465898877,0.0515916604682026,0.0615022076913626,0.0566498971755549,0.0438298030293411,0.0512845898203202,0.0468517888257401,0.034021870536998,0.0364675201019257,0.035481093128039,0.0536244757416272,0.0566573555045132,0.0567116161551319,0.0493318511653844,0.0464441114917796,0.0490859653826011,0.0396821842635388,0.0417448435139329,0.0374368187109297
"44",0.0541855019213611,0.0493833337720537,0.0486920240143459,0.0625166113060345,0.0651082578065725,0.0666935855812603,0.0495781600041662,0.0437446218419044,0.0453401970389719,0.0698972778433928,0.0699460561389252,0.0672705523755864,0.0838403200839972,0.0762459504334114,0.0789972720316712,0.0585354139842649,0.0454312374614484,0.066097126400272,0.0682028130411066,0.0542367740713704,0.0550967861703644,0.0456960289145349,0.0568668255776254,0.0423793170905946,0.0615034531360299,0.0631684662588402,0.0710240819152404,0.0540499952313308,0.0468515911522584,0.0461247931111327,0.0550679778794298,0.062404891337054,0.0581829141204048,0.0600885244453101,0.0600885244453101,0.0671628505276341,0.0567582112125094,0.0565131451420332,0.0546375486192613,0.0461336590033077,0.0424983364446285,0.0354690317251411,0.0164226228743917,0.0212136084726857,0,0.0563324250973045,0.0510774556367611,0.0541425713573216,0.0568038852066254,0.0543777880110491,0.0564263508675461,0.0551269336194607,0.0558869097695227,0.0519581513336949,0.0445455695845809,0.0546452567685,0.0495982368082171,0.0402634666272462,0.0462951004013224,0.0404388932224353,0.0345096288316262,0.0334276761324876,0.0329998386965765,0.0435619864479515,0.0453005648837194,0.0466151983958784,0.0418477167133732,0.0415337841970892,0.042856680813291,0.033986316540447,0.0358137663830621,0.0334325791546686
"45",0.046112536487445,0.0375438883513746,0.0307155317860026,0.0665492763251619,0.0693127501198084,0.0697992968424577,0.0541646371598097,0.0575515115345456,0.0562291268302901,0.0667638098424916,0.0698947505909104,0.0652623384640223,0.0633012227544166,0.0555803711935126,0.0561027504636952,0.036129006664047,0.0300283194985723,0.0555055781372551,0.0543467354631875,0.048834515681823,0.0463525530374731,0.0517617032108473,0.068030668593804,0.0557656773981598,0.0565041681944604,0.0604992659079163,0.0666287791675754,0.0396234956688881,0.0418821668711623,0.0447142914577191,0.056909330852411,0.0587034146969617,0.0550567988968741,0.047520779395464,0.047520779395464,0.0483745605070843,0.0529751044511118,0.0516605679095468,0.0523911760562756,0.0439123405138787,0.0447907748377226,0.0378103186857283,0.0564335755861866,0.0535123571185103,0.0563324250973045,0,0.0183712044951432,0.0178541480162167,0.0473530810235266,0.0446868559948254,0.0467933281587427,0.0620728688935986,0.0601869956648996,0.0565186801735531,0.0599519629964027,0.0670260835261193,0.0587956836245732,0.0530064269172689,0.0583166966621803,0.060350003344804,0.0507707309279301,0.0474854462892844,0.0488060298324765,0.0583521969458909,0.0645376912264724,0.0605554187629559,0.0545697740640811,0.0509152834152542,0.0581463346942501,0.0460304595883116,0.0519398756420175,0.051507507195802
"46",0.0501270917093882,0.0395415504396113,0.0314848006546064,0.0556998519937454,0.0594433773814972,0.0602733011885232,0.0513285100701459,0.0512742737717019,0.0497560252324034,0.0603933393507426,0.0645694226661701,0.0592688223998952,0.0611764285566251,0.0558210562218664,0.0558560597492267,0.0345923097998118,0.0280521423101189,0.0533405754730818,0.049262107042674,0.047478718623842,0.0450239386739054,0.0466367952696142,0.0586156760601818,0.0451451048867202,0.0506080100624463,0.0550021219395622,0.0614127634881193,0.0347755570301283,0.034117712099231,0.035233694463085,0.0467830295406781,0.0470525228362382,0.0428811073949594,0.0455279747990609,0.0455279747990609,0.0490499346523467,0.0456337322700716,0.0446860497460368,0.0473548107887199,0.0365279918296107,0.0359256224501249,0.0285131907342843,0.0493798828317923,0.0512591574731049,0.0510774556367611,0.0183712044951432,0,0.0090577455245177,0.0458261616757656,0.0429442170506351,0.0445215507373251,0.0530014977479347,0.0528625007618951,0.0485987896621359,0.0543692016645572,0.0626433310416149,0.0567956278681041,0.0446989682389275,0.0494721874928442,0.0537862854968256,0.0437738701595906,0.0398142415973827,0.0400393220714333,0.0515942323687537,0.0568658353220748,0.0533379255276089,0.0462707547125058,0.0461388045813915,0.0516504677814367,0.0399492645188313,0.0411263475105565,0.0428935049438324
"47",0.0495740428756627,0.0402291925623857,0.0338512889002569,0.0565230700811274,0.05993493439031,0.0609439288302594,0.0512077705190827,0.0525919975068287,0.0512528282138814,0.0620871292688867,0.067180532884338,0.0619505077162987,0.0600476464665243,0.0549903381973867,0.0564044984747474,0.0328006885480261,0.0294287905146435,0.0495015602015435,0.0475845370520786,0.0463040727628923,0.0448013016842544,0.0501151466053667,0.0641462481206096,0.0492128823827343,0.0495704972638913,0.0533401555419418,0.0598443223110735,0.0378144365662009,0.0367749829900076,0.0383224793209396,0.0510903451054407,0.0508554061390576,0.0466357158223175,0.0514423129755399,0.0514423129755399,0.0541734150955165,0.0460870354122419,0.0453781865018264,0.0482763915965427,0.0417669643282521,0.0405196218141548,0.0329300965842807,0.0522278246478518,0.055334184158456,0.0541425713573216,0.0178541480162167,0.0090577455245177,0,0.0459920489807753,0.0417684391628727,0.0434974223736443,0.0563217155351283,0.055179785664351,0.0512220882793485,0.0532650574361738,0.0606932545238549,0.0542025181101597,0.0495448736945152,0.053879224922789,0.0578392712877447,0.0492337685195465,0.0441834349840491,0.0447753377247726,0.05364514361191,0.0594038961289101,0.0553722864298651,0.0472071416707823,0.0465945068106386,0.0522301259510954,0.0424098506473478,0.0456674024362838,0.0474145852786503
"48",0.0513358977889502,0.0443400351755602,0.0465782479260352,0.0753620900880314,0.0787178086003196,0.0794868300450904,0.0423055095186452,0.0447506558659804,0.0429051383079305,0.0843885884714785,0.0896858017343326,0.0846740765153917,0.0495778266328333,0.0453874382638501,0.0423123107088663,0.0466423401296441,0.0434702518134556,0.0483973440863365,0.0412399677689521,0.0364257890754663,0.0422078898474245,0.0614134392172616,0.0719526189373297,0.0630843499072276,0.0447239387256737,0.0468949041453703,0.0556009740036354,0.0571672535385207,0.0561564956498441,0.0579590036334604,0.0721268777291808,0.074129912441591,0.0687598666919415,0.0724973166288764,0.0724973166288764,0.0772470351880481,0.0442385498852863,0.0422963839893877,0.0434784320445883,0.0605163797069308,0.0597476677633753,0.0524823806724558,0.0517347546079743,0.053352873451292,0.0568038852066254,0.0473530810235266,0.0458261616757656,0.0459920489807753,0,0.0274649417948731,0.0247947390932227,0.0651012273761273,0.0642850878234967,0.0607364679135809,0.0426997663433074,0.0485678362434069,0.045695949888745,0.0499150624908731,0.0536342623787057,0.0562211564427916,0.0423643627250608,0.038523279486132,0.040477580755884,0.0532953176350321,0.0598398261246495,0.054411980795982,0.0494125756415102,0.0481204585092748,0.0533800890032598,0.0441788963523362,0.0488435250901117,0.0473693355243082
"49",0.0521748773943662,0.043196521281152,0.0457620308856454,0.0709019281437921,0.0736110027607101,0.0759895098959097,0.04853580639835,0.0518632782170419,0.0499793800805177,0.0742365973903306,0.0801209797710855,0.0758611334431808,0.04554601738568,0.0455954255524072,0.0464686616928637,0.0357883102838333,0.0371387998166059,0.0432980422828336,0.0383314501747228,0.0337660101071477,0.0416073782935355,0.0563403381163062,0.0684374909371727,0.0572251786439386,0.0401938298798264,0.042990466014071,0.0497129960904014,0.0476620113660799,0.0475558440827955,0.0487947186254799,0.0701650510436228,0.0717209250567372,0.0670159230867832,0.0745496313942664,0.0745496313942664,0.0766048122741228,0.0429916336809986,0.0475832114758978,0.0453584683519918,0.056269234747582,0.053953397065515,0.0500444092937547,0.0521492129001103,0.0542451974170901,0.0543777880110491,0.0446868559948254,0.0429442170506351,0.0417684391628727,0.0274649417948731,0,0.0130994455453134,0.0627592545599481,0.0599748101852197,0.0553771300536797,0.0382446836891817,0.0421054909995485,0.0397501229263167,0.0479690859712337,0.0511009430161424,0.0538734730204746,0.0447597932355685,0.0403318322967234,0.0423393118936624,0.0516246161298235,0.057860142594259,0.0526937847621021,0.0437335489116463,0.0409603069020422,0.0468495283071397,0.0424253961374166,0.0492428851148485,0.0470400614036441
"50",0.0545897014519724,0.0467020018448043,0.0491752639613322,0.0729090174843684,0.0762641091681824,0.0774700455414846,0.049293104160857,0.0515433977637638,0.0501682668892308,0.0741911129670588,0.0825787147758428,0.0783847876102842,0.0447937710780676,0.0480315881509939,0.0467562528302343,0.038692224963049,0.0404221569590315,0.0469060744161851,0.0315612604211495,0.032009749521998,0.0398134662703671,0.0563499547330073,0.068210826738135,0.058024155387975,0.0347223759599945,0.036993131412575,0.0429870537867804,0.05122933656272,0.0503836299206046,0.0526826089537234,0.0738011960119303,0.0752469537904732,0.0691152596498894,0.075880988075128,0.075880988075128,0.079107064818302,0.0441629194940246,0.0502369450226845,0.0475431390486087,0.0553884784494157,0.0552164430248127,0.0510606539014633,0.0534026632490075,0.0557791836679973,0.0564263508675461,0.0467933281587427,0.0445215507373251,0.0434974223736443,0.0247947390932227,0.0130994455453134,0,0.0642328338075376,0.0592129933650791,0.0569348458798291,0.0389028153023521,0.0441352831694253,0.0415793618422123,0.0499466124368901,0.0531361921125087,0.0559214435385004,0.045768185595697,0.041699007252743,0.0433297002401304,0.051964003967168,0.0587942465075854,0.053075965591768,0.042723108866219,0.0435823645669467,0.0464110588550548,0.0436409438013783,0.0492264584203329,0.0479640268069632
"51",0.0625793580927561,0.0500810126088614,0.0520017420149344,0.0601982439448016,0.0636540555577608,0.0672303176598937,0.0628387033709112,0.0612316101696851,0.0567735460359293,0.0545186014445141,0.0553344394737251,0.0499018369817237,0.0666001887959042,0.064423903638592,0.064459160807287,0.0631674013453929,0.0522854325255538,0.0679673628015215,0.0623788216766747,0.0567394055265245,0.0563622076293799,0.0625267601664698,0.0654629209852064,0.0552571838584116,0.0654382254834326,0.068782161426804,0.0760362168430431,0.0612368502195945,0.0572130740904978,0.046762099619165,0.0377119714320794,0.0367923805268936,0.0314149372516719,0.0648191818521198,0.0648191818521198,0.0697205315888494,0.0503133713108136,0.052755742372415,0.0514927225306063,0.0525940201136092,0.0380443714125812,0.0411779107081677,0.0469511349038904,0.0577889664951262,0.0551269336194607,0.0620728688935986,0.0530014977479347,0.0563217155351283,0.0651012273761273,0.0627592545599481,0.0642328338075376,0,0.0232697816831867,0.0164070321865537,0.0538228833628464,0.0591050158746892,0.057742886145926,0.0541753863929845,0.058444279626619,0.0610040077912138,0.0500524108091296,0.0448617749463639,0.0472747469889019,0.0583202115452414,0.0605913020224444,0.0599509652400551,0.0498569538068734,0.0547872912492531,0.054634955684284,0.038321575038345,0.036352628048863,0.0371383853189626
"52",0.063848732965616,0.0523272533095465,0.0541761644661575,0.067021425927298,0.0698244987412064,0.0718913643850967,0.0652225911804019,0.0642669772125498,0.0601956499365242,0.0504687687096269,0.058591445062696,0.055529299363836,0.065007105442822,0.0678795341755329,0.066225238620038,0.060052033183674,0.0504255624703138,0.0707408053285751,0.0573563839991527,0.0516609740718886,0.049532424226689,0.0637572154238704,0.0681851671474436,0.0578870044677883,0.0601688100468319,0.0620817737968253,0.0671328944589173,0.0629865753205893,0.0587541828220338,0.0515586998258428,0.0493404113161591,0.0495096146799638,0.0422530254078671,0.068291810587137,0.068291810587137,0.0730538523885132,0.0526136090312257,0.0595184150057915,0.0556284833986626,0.0494907636149376,0.0384403521605165,0.0439209948364774,0.0506599213481902,0.0586796680890583,0.0558869097695227,0.0601869956648996,0.0528625007618951,0.055179785664351,0.0642850878234967,0.0599748101852197,0.0592129933650791,0.0232697816831867,0,0.0214831293232023,0.0542168416839201,0.0613174178436082,0.0563507058995169,0.0570185802963857,0.0608204119600981,0.0630029914976897,0.0529390199718803,0.048398863013626,0.0504990220455783,0.0547567345679337,0.0572966713542837,0.0560050650494304,0.0477398108029391,0.0570673279386371,0.0560220922431828,0.0427761715787605,0.0410321047471592,0.0427306120783863
"53",0.0614036237379582,0.0475109386372809,0.0482490140118162,0.0642405523891227,0.0677753738338969,0.07113670538673,0.0596782542704951,0.0590442604201092,0.0553519769929626,0.0543767525161737,0.0589255752941011,0.0528397467403831,0.0650473358844562,0.0635497812444985,0.0635475480126436,0.0555188449050044,0.047593027859456,0.0647514237235052,0.0567907418717659,0.052563959582064,0.05472569891588,0.0555439417450709,0.0613085404306017,0.0519246923101985,0.0621434726324684,0.0646081077590147,0.0712944105368618,0.0579867319947699,0.0537847262395485,0.0450547225399547,0.0428930227065613,0.0415143461861298,0.0368628317622686,0.0638055763422052,0.0638055763422052,0.0684515247200522,0.04947139428494,0.0528350860674669,0.0514943986623552,0.045449422625522,0.0334483701344109,0.0386603429533212,0.0465168105490702,0.0533028465898877,0.0519581513336949,0.0565186801735531,0.0485987896621359,0.0512220882793485,0.0607364679135809,0.0553771300536797,0.0569348458798291,0.0164070321865537,0.0214831293232023,0,0.0496453493913745,0.0540055956373075,0.0534145533244306,0.053885434584032,0.0584654977779057,0.0606107461514945,0.0495898090853832,0.0449518769944445,0.0471209245682831,0.0560828670219676,0.0592097471706583,0.0582147430984868,0.0457543235884621,0.049018510405876,0.0494529149282458,0.0366103416532307,0.0383640218386108,0.0365178336710019
"54",0.0554726304619078,0.0478321020083866,0.0551521547436832,0.0654335455977277,0.0689293448838885,0.0730355930237805,0.0473056449349643,0.0469387849212131,0.0448367187583499,0.0725098965927674,0.0780780643079078,0.0732903417958097,0.0555263430043976,0.0537217890810586,0.0594655955541949,0.0495324802832679,0.0454845376133064,0.0424310156012834,0.0477321298873581,0.0404250349021863,0.0495026545089584,0.0560801643843947,0.0674526417829523,0.0531269258885277,0.0446929290794683,0.0457683611217709,0.05377008266165,0.0629172233287724,0.0585783495808429,0.055912754365699,0.0647761280413006,0.0672282602332577,0.0619752376188821,0.0767041570008997,0.0767041570008997,0.0809046308782999,0.051089945415693,0.0517535205633281,0.0512632686569997,0.0622150390865103,0.0539649264267907,0.0488609648117018,0.0392120906827562,0.0515916604682026,0.0445455695845809,0.0599519629964027,0.0543692016645572,0.0532650574361738,0.0426997663433074,0.0382446836891817,0.0389028153023521,0.0538228833628464,0.0542168416839201,0.0496453493913745,0,0.0185249592364183,0.0170326692012191,0.0479396221438659,0.0511166520382504,0.051132675250446,0.045918551545572,0.0379678696803099,0.0394371097911512,0.0473491885289172,0.0513636539726797,0.0489641751704983,0.0296179767593391,0.0292137437505046,0.0292449643064669,0.0337119023035117,0.04197271478756,0.0417997285353618
"55",0.0569950760407004,0.0492372612723566,0.0594580158047507,0.0717956260201418,0.0741907436465561,0.0790723954845384,0.0490828585037913,0.0524532096924338,0.0502305544568036,0.0775477776136673,0.0828637835514104,0.0770818278157936,0.0575265888564303,0.0525153520824355,0.0602933517630293,0.0530708411045992,0.0527490051872707,0.0391827538104231,0.0506119926834799,0.042274916396273,0.0554248669904097,0.0647970883136502,0.0772452763360288,0.0630627450151939,0.0510112936600448,0.0508087613215227,0.0594039629575395,0.0704128062854504,0.0661317478358607,0.0632656084888579,0.0717047527996885,0.0733745774744787,0.0695421198928193,0.0837907529812948,0.0837907529812948,0.087077749458848,0.0573155881190167,0.0570181612560275,0.0578764450670999,0.071209732966946,0.0629139424458579,0.0583148477463769,0.0495924616403042,0.0615022076913626,0.0546452567685,0.0670260835261193,0.0626433310416149,0.0606932545238549,0.0485678362434069,0.0421054909995485,0.0441352831694253,0.0591050158746892,0.0613174178436082,0.0540055956373075,0.0185249592364183,0,0.0186968510437515,0.0593450352402009,0.0621199510568221,0.0619461450275906,0.0564431511391676,0.0477505031085984,0.0509608259401677,0.0535637924442117,0.0585186657912278,0.0554000921968432,0.0413367609352705,0.0364873121049039,0.0372029119836462,0.0392349948911443,0.0506632310894587,0.0481847384476906
"56",0.050229076450994,0.0434561209638882,0.0548302664276746,0.0696022361240801,0.0714682562887009,0.0758419107432081,0.0476901122023671,0.0515653957705526,0.0488248981768742,0.0739832379834609,0.0788978796275373,0.0746178933901568,0.0555173950706123,0.050649181481601,0.0585320723678015,0.0488214916203889,0.045362685235678,0.0382726885520444,0.0495740815710413,0.0365655231564635,0.0460705832196549,0.0633142743602996,0.0780712472458464,0.061783446509493,0.047933851270837,0.0483691117172664,0.0564926345281923,0.0669010378442886,0.0632541746681516,0.0607455563737961,0.0691117051932662,0.0716205841951262,0.0669327802039291,0.0796998171680065,0.0796998171680065,0.0823466063406928,0.0542963354336577,0.0550173819962845,0.0543212059375481,0.0677602680404494,0.0582785231320618,0.0529174779857028,0.0454138613680026,0.0566498971755549,0.0495982368082171,0.0587956836245732,0.0567956278681041,0.0542025181101597,0.045695949888745,0.0397501229263167,0.0415793618422123,0.057742886145926,0.0563507058995169,0.0534145533244306,0.0170326692012191,0.0186968510437515,0,0.0559571717846922,0.0592547685878451,0.0582907821662569,0.0535015600476186,0.0443800833668113,0.0477617213816689,0.0481759842747555,0.0532085013172763,0.049911468186288,0.037731518512783,0.0344413096674325,0.0374406294782674,0.0362205353155442,0.0481734726788436,0.0475724423057595
"57",0.0616455772995541,0.0530056881881562,0.0522942377037524,0.0549032064066823,0.0570223719633875,0.0599267105461236,0.0645744211121537,0.0597830276647898,0.058484925104515,0.0676259946325036,0.0652065857468398,0.0629811767668986,0.0663109290475131,0.0615854271254661,0.0636975500156786,0.0493518646590963,0.0366879291870001,0.0632802632552518,0.0658348768998882,0.0556742785249909,0.0544070601512928,0.0457035635141322,0.0441263881922007,0.0321155909465299,0.0542668053746911,0.0596899921868205,0.0663087972861636,0.0430662909316383,0.0421887871652052,0.0413180555552146,0.0530282857275479,0.0597794025563641,0.0551527579034801,0.0547840299820227,0.0547840299820227,0.0579682487919366,0.0561235320742264,0.0567317630702552,0.0552981362849691,0.0464251209277761,0.0384553232032416,0.0387091131524581,0.0398981628623172,0.0438298030293411,0.0402634666272462,0.0530064269172689,0.0446989682389275,0.0495448736945152,0.0499150624908731,0.0479690859712337,0.0499466124368901,0.0541753863929845,0.0570185802963857,0.053885434584032,0.0479396221438659,0.0593450352402009,0.0559571717846922,0,0.00993201316783703,0.0135522388528374,0.0246742023689378,0.0246266111358938,0.0222305798856828,0.0506899990114356,0.0511122683764434,0.0507179123412898,0.0356725770688798,0.0379659416938645,0.042202763021651,0.0407316110369708,0.0339987796532624,0.0373263039594417
"58",0.065266078489764,0.0577494623333477,0.057140571561877,0.0557383763787212,0.0570725379711367,0.0600703161375592,0.069167092170182,0.0645323822537284,0.0632518746896462,0.0701530167558544,0.0680968256613889,0.0663474254390664,0.0677541213845147,0.0639100268978601,0.0665728698398449,0.0517280602782228,0.0403106608575516,0.0646343664690567,0.0693725704558009,0.0588547134944625,0.0580056149165599,0.0522082056543232,0.048417580465814,0.0361016208024006,0.0573349690931815,0.0624161591660486,0.0689467672481071,0.0467779777761681,0.0456840740247616,0.0452811412807813,0.0560548388875015,0.0631274177777034,0.0586678252185691,0.0605458103020805,0.0605458103020805,0.0629668617336155,0.0604043477787139,0.0611294264426862,0.0597294107258243,0.0522111497247424,0.0435616422921037,0.0450512743418705,0.0458633757736172,0.0512845898203202,0.0462951004013224,0.0583166966621803,0.0494721874928442,0.053879224922789,0.0536342623787057,0.0511009430161424,0.0531361921125087,0.058444279626619,0.0608204119600981,0.0584654977779057,0.0511166520382504,0.0621199510568221,0.0592547685878451,0.00993201316783703,0,0.0136746682274669,0.0304319473178699,0.0303655736365264,0.0279280929180649,0.0536073191245533,0.0532047731938471,0.0529916293010572,0.0393174224664225,0.0424587233687411,0.0465981132107645,0.0465628767448972,0.0394224056237182,0.0432354238443648
"59",0.0633266413028544,0.0573514128062291,0.0578457726311034,0.0576282001964461,0.0585226396586907,0.061666360636002,0.0690908570843833,0.0645103419835617,0.0641186004777726,0.0715953219855925,0.0682171362283775,0.0671642876014341,0.0732824439527552,0.0674423343689133,0.0714891813785478,0.0539162301441788,0.0413698671906907,0.0658605059637296,0.073446050496176,0.0593754317986365,0.0590148890158065,0.05223580262108,0.0513325446716793,0.0379542599159437,0.059699404646927,0.0642575029592793,0.0707585156267046,0.0503071518706936,0.0480709311895224,0.048575200193047,0.0591860140348929,0.0681206262143555,0.0635205316716685,0.0611171462687822,0.0611171462687822,0.0638643309744381,0.0636600089647797,0.0642810808793362,0.0621558842009964,0.0537466751100592,0.0453308518235144,0.046135034554165,0.0420006888360021,0.0468517888257401,0.0404388932224353,0.060350003344804,0.0537862854968256,0.0578392712877447,0.0562211564427916,0.0538734730204746,0.0559214435385004,0.0610040077912138,0.0630029914976897,0.0606107461514945,0.051132675250446,0.0619461450275906,0.0582907821662569,0.0135522388528374,0.0136746682274669,0,0.0311477533975691,0.0313956384818611,0.0296984134761554,0.053510331230456,0.0529391664317169,0.0535500284313693,0.0398213768859941,0.041407018486722,0.0452688368425065,0.0457588520715387,0.041196784048902,0.0435433314182359
"60",0.0519633212837377,0.0443060335114452,0.0423458027970515,0.0648573423843478,0.0679736023285037,0.0692927783258998,0.0477044347976579,0.0427578484127554,0.0408887793097033,0.0698023316566838,0.0699304551867132,0.0663977712652664,0.0649138952035566,0.0584726267638085,0.0571616246155481,0.054020635662835,0.0374731902808797,0.0627321944055071,0.060581377718293,0.0489380385899244,0.0488552331762369,0.0498512678815801,0.0524483612476942,0.0441202467776693,0.0527585678161807,0.0574141771186481,0.0662236457104007,0.0477201724198894,0.0454239997788803,0.0432317769986072,0.0510320028752615,0.0580177408782179,0.0527648432591071,0.0520857105898268,0.0520857105898268,0.0577731852208534,0.0494825173932687,0.0488831021463621,0.0477342764841734,0.0475280402808359,0.0413283205294004,0.0387493756730364,0.0309373163904134,0.034021870536998,0.0345096288316262,0.0507707309279301,0.0437738701595906,0.0492337685195465,0.0423643627250608,0.0447597932355685,0.045768185595697,0.0500524108091296,0.0529390199718803,0.0495898090853832,0.045918551545572,0.0564431511391676,0.0535015600476186,0.0246742023689378,0.0304319473178699,0.0311477533975691,0,0.0119478673763263,0.0104186920613779,0.0424217858937975,0.0448320378630954,0.0433017887941244,0.0413617276828753,0.0429961797314327,0.0464623284138303,0.0339085589450121,0.0298652826546281,0.0285428904974303
"61",0.0461733108397223,0.0369486282013276,0.0383198457395998,0.0585122112195744,0.0613535229892449,0.0636350699818747,0.0432454689559026,0.0400627637935801,0.0372299257676048,0.0650799133106562,0.0655195790739178,0.0614959792883889,0.0590525929425673,0.0516434040495739,0.052295612182048,0.0475962638041441,0.0318059408958132,0.0532837201340964,0.0542468257646839,0.0412328967056252,0.0421099321700515,0.0495603100347466,0.0546200796728563,0.0424285241990665,0.0469104287239748,0.0513765574766972,0.060778243215391,0.0464343708287392,0.0434340287961377,0.0406496410872949,0.0475416780463795,0.053700969612923,0.0485186355860615,0.0524141730919078,0.0524141730919078,0.0576902941098311,0.0445602611051696,0.0435221456304997,0.0434240612039738,0.0473003640779788,0.0389780889761141,0.0343490320806169,0.0278911959149634,0.0364675201019257,0.0334276761324876,0.0474854462892844,0.0398142415973827,0.0441834349840491,0.038523279486132,0.0403318322967234,0.041699007252743,0.0448617749463639,0.048398863013626,0.0449518769944445,0.0379678696803099,0.0477505031085984,0.0443800833668113,0.0246266111358938,0.0303655736365264,0.0313956384818611,0.0119478673763263,0,0.00798630772186121,0.0377521556064073,0.0410877463786033,0.0387474692264587,0.0352762306292297,0.0369057796098891,0.040579987624849,0.0251464071729243,0.0234073543673127,0.0233073093270283
"62",0.0513308333394937,0.0428816548729993,0.0418345823800102,0.059585668318806,0.0630112109740736,0.0651650670105669,0.0463707923634558,0.0413776262381762,0.0392859895155256,0.0672974388216112,0.0681606753102089,0.064290936862667,0.0623406425505151,0.0567048827671293,0.0569821963772782,0.0495480051870466,0.034885639053775,0.0569456178246901,0.0564678559785986,0.0462658255144648,0.0468092829268178,0.0471265995818032,0.0506282734286313,0.0395105306763033,0.0494039165957151,0.0539467483177989,0.0626814568772833,0.0465931931614132,0.043621429028565,0.0413039707997838,0.0489475792184653,0.0547036297699868,0.049426802488567,0.053058815591989,0.053058815591989,0.0585917952399305,0.0468051614332,0.0456850101678681,0.0456346104330541,0.0464344663995213,0.039423175478617,0.0348753415795837,0.0284010191721717,0.035481093128039,0.0329998386965765,0.0488060298324765,0.0400393220714333,0.0447753377247726,0.040477580755884,0.0423393118936624,0.0433297002401304,0.0472747469889019,0.0504990220455783,0.0471209245682831,0.0394371097911512,0.0509608259401677,0.0477617213816689,0.0222305798856828,0.0279280929180649,0.0296984134761554,0.0104186920613779,0.00798630772186121,0,0.0411134739473615,0.0433027658299818,0.0418727390475299,0.0351504988807493,0.0376128177732481,0.0405359831491043,0.0301899715899466,0.0266201039168025,0.0276435534234346
"63",0.0540167950114972,0.0450125480324567,0.0496671337420097,0.0688562767766097,0.0703119328451975,0.0725183017630783,0.044752153205056,0.042005739399619,0.0388877235686756,0.070528041643415,0.0758911438712359,0.0727698370493882,0.066134559200722,0.0595563306596954,0.0606384457303836,0.0530595151884958,0.0406030430434684,0.0569725996296012,0.0584783537289669,0.0424098788652799,0.0429543904595326,0.0683974735628849,0.076023034820255,0.0619620057657351,0.0498808365017135,0.0518442451338307,0.0577112487871468,0.0653531748065698,0.0595652014371391,0.0577534486848343,0.0597799898448272,0.0647549973522265,0.0602125396963904,0.0646069668156916,0.0646069668156916,0.0700440390747439,0.057053736243041,0.0587153000366559,0.0605537073606619,0.0601672581625079,0.0516121403004146,0.0492964582099582,0.0422038952514048,0.0536244757416272,0.0435619864479515,0.0583521969458909,0.0515942323687537,0.05364514361191,0.0532953176350321,0.0516246161298235,0.051964003967168,0.0583202115452414,0.0547567345679337,0.0560828670219676,0.0473491885289172,0.0535637924442117,0.0481759842747555,0.0506899990114356,0.0536073191245533,0.053510331230456,0.0424217858937975,0.0377521556064073,0.0411134739473615,0,0.0111926900394342,0.00573916440006302,0.0434745828951711,0.0477135369260041,0.0518342583224035,0.0373204675813685,0.0370837582732513,0.0381560896869347
"64",0.061531488702888,0.0523599843321401,0.0563314600802424,0.0715910998640444,0.0727267117043092,0.0758129609088324,0.0524232617090674,0.048165604316734,0.045064542977441,0.0743480765868468,0.0787107142820222,0.0761591329392631,0.0714467325158186,0.0655019765316036,0.067134171613128,0.0579588607998086,0.0454616076657374,0.062887680367867,0.0666107578501888,0.0507875669890655,0.0506695032025324,0.0716549166372337,0.0768095508231958,0.0632984612164206,0.0572102918781793,0.0594758897765606,0.0643285661625349,0.0703999800707115,0.0646676473700782,0.0622136264673924,0.0617157294745971,0.0669217768255899,0.0629448904051754,0.0677325938043874,0.0677325938043874,0.0726831226317137,0.062657851326024,0.0640916208302635,0.0659099724650438,0.0642572174572084,0.0542836432894081,0.0536656506760824,0.0451995808023086,0.0566573555045132,0.0453005648837194,0.0645376912264724,0.0568658353220748,0.0594038961289101,0.0598398261246495,0.057860142594259,0.0587942465075854,0.0605913020224444,0.0572966713542837,0.0592097471706583,0.0513636539726797,0.0585186657912278,0.0532085013172763,0.0511122683764434,0.0532047731938471,0.0529391664317169,0.0448320378630954,0.0410877463786033,0.0433027658299818,0.0111926900394342,0,0.00981519740745124,0.0459924431652195,0.0507790741670636,0.0549842081246024,0.0435565551888416,0.0412461772723438,0.0434526255199864
"65",0.0569666619650187,0.0478761253291038,0.0525170428927379,0.0699604671270963,0.071103669389622,0.0734631982423459,0.0479464752723077,0.0451544932376695,0.0416603050186553,0.0720356873009052,0.0773303421376745,0.074535851570728,0.0658134448576304,0.0600478671388032,0.0609326936460295,0.0543924857902277,0.041856448558637,0.0584449328813494,0.0600167883270525,0.0441996372228144,0.0439673507862502,0.070976422762757,0.077260878476218,0.0634161333697942,0.050214242331059,0.0523241216563751,0.057998783464906,0.0668602756958201,0.0614390436892578,0.0594408052519179,0.0613179815201191,0.0660968978800031,0.0616460771379556,0.0666031843879927,0.0666031843879927,0.0715941779074613,0.058181917880042,0.0600975271070587,0.0621362122688612,0.0626054914459904,0.0532791549253281,0.0519299010467384,0.045101803838471,0.0567116161551319,0.0466151983958784,0.0605554187629559,0.0533379255276089,0.0553722864298651,0.054411980795982,0.0526937847621021,0.053075965591768,0.0599509652400551,0.0560050650494304,0.0582147430984868,0.0489641751704983,0.0554000921968432,0.049911468186288,0.0507179123412898,0.0529916293010572,0.0535500284313693,0.0433017887941244,0.0387474692264587,0.0418727390475299,0.00573916440006302,0.00981519740745124,0,0.0444855887696079,0.0496399060021345,0.053926757005004,0.0406340089612718,0.038932602519064,0.0408841526971606
"66",0.0624531976224861,0.0520688075117761,0.0556549111327092,0.0569858128449356,0.060600694494126,0.0641776866044801,0.0592047673594265,0.0554396937220988,0.0539550173182549,0.0612194171294641,0.0669214490074795,0.0630815848279567,0.058339721355615,0.0596873647680405,0.0629891789454867,0.0442017800102102,0.0390059232488686,0.0537604473174231,0.0494885889223473,0.0457979973147716,0.0485117746138657,0.0448394461860122,0.0520926382355486,0.0374308480806284,0.041824494727258,0.0450430040885197,0.0499393371916245,0.0528027839013911,0.0489627981302323,0.0469267371381462,0.0595272201896692,0.061877929187443,0.0553942079662183,0.0649759181564723,0.0649759181564723,0.0689611185816364,0.0566375760448773,0.0602452078486857,0.0595533424691909,0.0476706174629603,0.0398663201228969,0.0389341871245916,0.0397787675832628,0.0493318511653844,0.0418477167133732,0.0545697740640811,0.0462707547125058,0.0472071416707823,0.0494125756415102,0.0437335489116463,0.042723108866219,0.0498569538068734,0.0477398108029391,0.0457543235884621,0.0296179767593391,0.0413367609352705,0.037731518512783,0.0356725770688798,0.0393174224664225,0.0398213768859941,0.0413617276828753,0.0352762306292297,0.0351504988807493,0.0434745828951711,0.0459924431652195,0.0444855887696079,0,0.0208510146818403,0.017204730211811,0.0345445330580393,0.034560108047234,0.0382291026000558
"67",0.0588824607591237,0.0478146633282766,0.0527554543149917,0.0621614337515621,0.0651757891413614,0.0700505228036242,0.0566238850852899,0.055057496964668,0.053912126960279,0.0700762010543613,0.0719710454342837,0.0669246732281189,0.0609482752812958,0.0552049173981252,0.0616687896533524,0.0406359248772701,0.0378957674722522,0.0483870178854122,0.0548284769967929,0.0483128836405897,0.0543623548516737,0.0409755706461717,0.0537118127453818,0.0393548250612787,0.0511487051154274,0.0548525682285404,0.0607598688265369,0.0536110664366772,0.0514229189347759,0.0496209436410213,0.0619266243515924,0.0643832614241448,0.0603756748473811,0.0627150573136032,0.0627150573136032,0.0647924151672096,0.0606866859725756,0.0603583158226687,0.0617146083668479,0.0509874191057173,0.0430870334876014,0.0403496835065436,0.0414774196067776,0.0464441114917796,0.0415337841970892,0.0509152834152542,0.0461388045813915,0.0465945068106386,0.0481204585092748,0.0409603069020422,0.0435823645669467,0.0547872912492531,0.0570673279386371,0.049018510405876,0.0292137437505046,0.0364873121049039,0.0344413096674325,0.0379659416938645,0.0424587233687411,0.041407018486722,0.0429961797314327,0.0369057796098891,0.0376128177732481,0.0477135369260041,0.0507790741670636,0.0496399060021345,0.0208510146818403,0,0.0166354366123213,0.0340864210809572,0.040808162088239,0.0409451146026326
"68",0.063612380121549,0.053955139414004,0.0582636148107938,0.0615002993438206,0.0655098056507889,0.069700499680037,0.0599976930743495,0.0570582533791696,0.0566045776035451,0.066329365409938,0.0707092899505253,0.0656468992417283,0.0642789468770493,0.0629435514271359,0.0679068190423381,0.0476868806880045,0.0457858039104362,0.0537996227515088,0.0530017695480381,0.0508367202801142,0.0571112851515947,0.0404553077641386,0.0517838255279081,0.0382531423933296,0.0494243830163355,0.0522088964018034,0.0574739093401745,0.056077332895892,0.0526602922398828,0.0510165579447338,0.0648656168838165,0.0668928241652017,0.0615214369089689,0.0676999378011007,0.0676999378011007,0.071142947840878,0.0624880413099454,0.0644417788613301,0.0637453203089294,0.0512665216987995,0.0459130846735995,0.0425627591883017,0.0417518422760327,0.0490859653826011,0.042856680813291,0.0581463346942501,0.0516504677814367,0.0522301259510954,0.0533800890032598,0.0468495283071397,0.0464110588550548,0.054634955684284,0.0560220922431828,0.0494529149282458,0.0292449643064669,0.0372029119836462,0.0374406294782674,0.042202763021651,0.0465981132107645,0.0452688368425065,0.0464623284138303,0.040579987624849,0.0405359831491043,0.0518342583224035,0.0549842081246024,0.053926757005004,0.017204730211811,0.0166354366123213,0,0.0358451810459474,0.041084951007109,0.0417599332789332
"69",0.0391496545962196,0.0268545681196161,0.0333612452513624,0.0526309208782325,0.0559997851563441,0.0586474338451608,0.0396666443884031,0.0397733431269951,0.0369457114433425,0.0557323777162552,0.0578196272099651,0.0523727802440089,0.0596554596926353,0.0513058609674181,0.0540090169955176,0.0433359573895392,0.031969340962276,0.0449548552502108,0.0469521872189429,0.03439473603646,0.0379690788548238,0.0490055296524141,0.060734310675524,0.0453142189513165,0.0451671480655496,0.0479780979206619,0.0566773216402138,0.0479347187460389,0.0427725766044369,0.0394817957611398,0.0441260711784039,0.0484067689069043,0.0438247635697281,0.0550398740395986,0.0550398740395986,0.0611185202573617,0.0424102701253655,0.0421520323450481,0.0421518978267185,0.0442159161375571,0.0366639857880407,0.027650260291728,0.0276503831034174,0.0396821842635388,0.033986316540447,0.0460304595883116,0.0399492645188313,0.0424098506473478,0.0441788963523362,0.0424253961374166,0.0436409438013783,0.038321575038345,0.0427761715787605,0.0366103416532307,0.0337119023035117,0.0392349948911443,0.0362205353155442,0.0407316110369708,0.0465628767448972,0.0457588520715387,0.0339085589450121,0.0251464071729243,0.0301899715899466,0.0373204675813685,0.0435565551888416,0.0406340089612718,0.0345445330580393,0.0340864210809572,0.0358451810459474,0,0.019982755897234,0.0160959780206549
"70",0.0521885177321096,0.0410744707534051,0.0432051662759624,0.0478933002818265,0.0515336546785455,0.052821169823095,0.0489888491955612,0.0439966346294395,0.0411278899319819,0.054109755420517,0.0553986648299981,0.0510647047467183,0.0632639108239323,0.0579934450999456,0.057729399828063,0.0510364958638516,0.0376052825051116,0.0575819633695449,0.0515981539079698,0.0436017528857954,0.0414748678147451,0.0488455515338539,0.053082930238967,0.0390865945851852,0.0451698016640297,0.0490147856252304,0.0569407139027819,0.0467666720781774,0.0411703216059743,0.0364642692625237,0.0395708132930004,0.0435517836643483,0.0377222630850648,0.0529255700275216,0.0529255700275216,0.0608394977939323,0.0426109265908337,0.0441843233276466,0.0443565250334425,0.0404023372916391,0.0322164914581399,0.0260339683630348,0.0285170457288643,0.0417448435139329,0.0358137663830621,0.0519398756420175,0.0411263475105565,0.0456674024362838,0.0488435250901117,0.0492428851148485,0.0492264584203329,0.036352628048863,0.0410321047471592,0.0383640218386108,0.04197271478756,0.0506632310894587,0.0481734726788436,0.0339987796532624,0.0394224056237182,0.041196784048902,0.0298652826546281,0.0234073543673127,0.0266201039168025,0.0370837582732513,0.0412461772723438,0.038932602519064,0.034560108047234,0.040808162088239,0.041084951007109,0.019982755897234,0,0.0124787369863159
"71",0.047725515797064,0.0361515387461292,0.0378400481696878,0.0533879278695469,0.0568802947994566,0.0581145087316352,0.044095720800685,0.0408255846126839,0.0382452726167069,0.0557989280534928,0.0571906145853434,0.0519420408113674,0.0645710299229748,0.057633979080617,0.0570244464790537,0.0508253259256033,0.0372833704222623,0.0566239515372004,0.0520006059152964,0.0419146657149634,0.042709763996888,0.048601873782986,0.0547236510391878,0.04274780815284,0.0474560529122953,0.0503728901571243,0.0592692299251403,0.0462556509394094,0.0406068233671379,0.0363979551387323,0.0406173092727484,0.045582553533738,0.0409810255075256,0.0523603000075862,0.0523603000075862,0.0603578322064718,0.0426436185297088,0.0432043531982799,0.0427807855560698,0.0403661343859311,0.0343096592282613,0.0284636003840274,0.0271069828346294,0.0374368187109297,0.0334325791546686,0.051507507195802,0.0428935049438324,0.0474145852786503,0.0473693355243082,0.0470400614036441,0.0479640268069632,0.0371383853189626,0.0427306120783863,0.0365178336710019,0.0417997285353618,0.0481847384476906,0.0475724423057595,0.0373263039594417,0.0432354238443648,0.0435433314182359,0.0285428904974303,0.0233073093270283,0.0276435534234346,0.0381560896869347,0.0434526255199864,0.0408841526971606,0.0382291026000558,0.0409451146026326,0.0417599332789332,0.0160959780206549,0.0124787369863159,0
