"","1.X","1.Y","2.X","2.Y","3.X","3.Y","4.X","4.Y","5.X","5.Y","6.X","6.Y","7.X","7.Y","8.X","8.Y","9.X","9.Y","10.X","10.Y","11.X","11.Y","12.X","12.Y"
"0",0.36404982392433,0.107838398337331,0.272760467679841,0.0489204850615161,0.189776087082698,0.0582415603400604,-0.00254575980512037,0.0152998888941651,-0.261925385230647,0.0902971718650175,-0.227844976334524,0.0649654914646369,-0.352508883826997,0.0586388783980643,-0.395281085762245,-0.0317033269167997,-0.23464773200865,-0.0800846164836982,-0.00712611574281605,-0.170316087691675,0.293597018027878,-0.120322638295098,0.361696541996253,-0.0417752049735201
"1",0.369439102900486,0.124597257075547,0.271076735005056,0.0490482039400883,0.208595551623307,0.0474081688438395,-0.0171576771404271,0.00479212188797599,-0.26444647175443,0.0877211184730824,-0.232501065045544,0.06228237411354,-0.349700899092448,0.0593188611266548,-0.38858972387634,-0.0271406732972141,-0.233570025109389,-0.07566621710119,-0.00931321891131583,-0.167823074744726,0.287939603911461,-0.127655053814902,0.358228087489583,-0.0368830865026955
"2",0.367969967066674,0.105962394542522,0.290637661046524,0.0526871224248715,0.190686174383449,0.0595355379372765,-0.0137977512164252,0.0114490231154707,-0.267031936275494,0.0884732353691041,-0.22646558728582,0.0601594367193341,-0.354691142798166,0.0593367415705192,-0.389123111129143,-0.0302763064848488,-0.22432795518327,-0.0828972901923876,-0.0222901458292848,-0.164267972890536,0.287452495089828,-0.12053630897219,0.360981332131127,-0.0396256131391359
"3",0.363351379717607,0.12082571597656,0.276270121245508,0.0477061640644009,0.188706433733072,0.0564768596290891,-0.00467512827839382,0.00601580107936701,-0.263437178557807,0.0978793847998176,-0.218836166469118,0.0677526948750354,-0.319768780083411,0.0616240852071786,-0.401165640389775,-0.0304625056965753,-0.253011355563331,-0.0952079082525612,-0.0214504690066432,-0.17682263805898,0.283431229828406,-0.130033399837944,0.370585553823885,-0.0257542537853885
"4",0.385456088686656,0.128236239546083,0.282213163283977,0.0492794040293822,0.156923406429668,0.0542735764866779,0.00986389952722472,0.00372674003327741,-0.266747209917337,0.0897922152144328,-0.231617381700399,0.0611302592320756,-0.36065234999199,0.0650931820721075,-0.376374868148026,-0.0292552071053875,-0.237059767098958,-0.0817239496823987,-0.00312545265046382,-0.166031479673839,0.278556532692647,-0.119046035053156,0.362563938887001,-0.0554749450992547
"5",0.384567792751755,0.128364692305037,0.280638791763665,0.0404303829875466,0.176352442843228,0.060686499053358,-0.00261472485961957,0.0117634231150482,-0.246025697460532,0.0978512850715608,-0.216922298335097,0.0739111964725176,-0.356889201788581,0.0469299419497074,-0.374844186237506,-0.053706971837237,-0.25490692563103,-0.0738088270086714,-0.0349922911237996,-0.161802538202017,0.280746800188,-0.129234294562251,0.364889497889517,-0.0413847893445995
"6",0.364760447543801,0.127470100932149,0.27076334156585,0.043297375831623,0.180225591892508,0.051029067992764,-0.0052335784477322,0.00788250675815316,-0.246083360686072,0.0905866043409378,-0.214342613287127,0.0663849042241083,-0.343664989906413,0.0564803042164645,-0.409008685496969,-0.0356008510028209,-0.236887661329906,-0.0727103800250108,-0.0259032172416764,-0.1719460688892,0.29705356172257,-0.131471888321601,0.368321163671167,-0.0314016760575679
"7",0.379085211181512,0.116510617260877,0.280043858316311,0.0464768300151725,0.18099400508537,0.0590938417957951,-0.0218204318177658,0.0129284847341875,-0.251236990775728,0.0888248817699542,-0.223927651177554,0.0622040528710467,-0.336257289358318,0.0579828992157739,-0.392420741681777,-0.0359204358738272,-0.246255634549989,-0.0858908775142343,-0.0257960946061739,-0.161547437353249,0.288102995016879,-0.122024880289207,0.369488764367233,-0.0386379766322889
"8",0.387241040767424,0.120254308237182,0.282829232556641,0.0488777288648111,0.199682962064558,0.0614927391730322,-0.0131585317675271,0.0129765941363635,-0.256409871373284,0.0786569855166564,-0.226765181869273,0.0541546707545806,-0.354812891786417,0.0565790811389693,-0.397011965957866,-0.0332369615603559,-0.229217785785646,-0.0748945235768496,-0.0175872737048874,-0.156200571678969,0.271984612872374,-0.123789935720642,0.353225653983903,-0.0448701152847783
"9",0.375437368942059,0.114251192834589,0.275454165293479,0.0431966978993676,0.179974768889304,0.0657814261062391,-0.0131619200302618,0.0156354225427612,-0.252464100251326,0.0774619038075932,-0.221635189861217,0.0577471210656275,-0.345672019195838,0.0454140502684615,-0.409986071277112,-0.0250737431963008,-0.238549989515972,-0.0631670986573424,-0.00190877783000321,-0.164301503277833,0.284694812491224,-0.123780327111394,0.367816952345662,-0.0431651422817686
"10",0.381977806241295,0.124614720776634,0.270714691137721,0.0520749062057962,0.194885319951984,0.0568844693203934,-0.0077928906390331,0.0183234093305352,-0.254493044208441,0.0723791347748881,-0.212069317656945,0.0478162632854188,-0.354185923326936,0.064859754116444,-0.407674974117526,-0.0231737283158259,-0.228991819584648,-0.0828976915611289,-0.0194897385752817,-0.161791082968082,0.275862512649186,-0.128949178684418,0.361257378128624,-0.0401409762806551
"11",0.385261605029477,0.123138148484389,0.284030430198937,0.0597434033256126,0.203276691719183,0.0641009264808016,0.00200428607806216,0.0173797420950959,-0.246975337374187,0.0870313190073177,-0.216969270401555,0.0621085601305703,-0.343683162795038,0.0520851212318334,-0.402016472199888,-0.0413427868235254,-0.247832251694034,-0.0855106871765809,-0.0284458013469362,-0.165526233434372,0.26311889374062,-0.130978742306394,0.348230389045359,-0.0422287710147482
"12",0.377665143799643,0.129744053044301,0.275362079553519,0.0538218991767766,0.198712986095541,0.0631465594670324,-0.0205031333868955,0.00775068162189963,-0.257722097373782,0.0808891635948591,-0.224791516512925,0.0546124563401761,-0.348767119302441,0.0630751065527341,-0.392070073032582,-0.0224832151427273,-0.23406829933191,-0.0833222802324983,-0.0127509024484177,-0.167888780067796,0.287152496689397,-0.128031482866382,0.351780435250853,-0.0513141614883757
"13",0.37311264919075,0.11806642166642,0.265035636324354,0.0458051357465834,0.191667083964983,0.0629024427837619,-0.00112651734893878,0.0145221189344604,-0.255294436218258,0.0927460329133364,-0.22257747867463,0.0666280791577401,-0.348178913617712,0.0591327806545605,-0.396393460071228,-0.0350676281038845,-0.237302376186364,-0.0833799829383645,-0.0146233807848437,-0.176316473562118,0.283212221954778,-0.132323876804841,0.36246897146711,-0.0327150504476545
"14",0.377476039379917,0.106651727455652,0.273295029196797,0.0481881561252471,0.197086558255482,0.0629202445942891,-0.00744876543429627,0.0157091531178801,-0.25417398548763,0.079735099180703,-0.221358039929797,0.0609900596743764,-0.35200406971436,0.0421943383264424,-0.40266750198578,-0.0312695490351158,-0.243372632770632,-0.0676467325051319,-0.0133695351709712,-0.156008804378104,0.28743008172684,-0.118649700604236,0.35910682193443,-0.0428139919520025
"15",0.374669299807606,0.116828061327191,0.272667522065513,0.0480412342432739,0.182167624962529,0.0633452122308422,-0.0151626783832155,0.0158421393670319,-0.246389320359806,0.0877318088304287,-0.214454904188214,0.0637816478416882,-0.346196390787148,0.0530362810145232,-0.410873101634545,-0.0251651870016794,-0.237396128355902,-0.0869651176441211,-0.00623781509171847,-0.17034128863815,0.285911666233299,-0.122930730489792,0.361294225731601,-0.0432040610812365
"16",0.368034569768799,0.109592687906703,0.282380872082821,0.0472879013180831,0.18006988006622,0.0553631684543876,0.00538918892881071,0.0124404141372595,-0.245995097464525,0.0843128421011865,-0.222580073524761,0.0637039268725571,-0.347731668144949,0.0546935750215699,-0.408675856818669,-0.0347226657117403,-0.241442325546766,-0.0775569175102231,-0.022341234580474,-0.162509796041435,0.28507305297096,-0.119755941988352,0.367818692262533,-0.0328491945599964
"17",0.370508315960322,0.113915011958845,0.273257844027346,0.0529295750766704,0.197583773178643,0.0620436683150802,-0.00440986237714603,0.0103076685168135,-0.241529661191698,0.0863018733141959,-0.213631358998224,0.0625842451422988,-0.339055812762876,0.0526508738123793,-0.413121421527739,-0.0375309504627519,-0.250553662832456,-0.0753136519630349,-0.0256405601497632,-0.170103282932341,0.2878503282149,-0.124427623950392,0.358742078458691,-0.0333574068277623
"18",0.366456326441334,0.109993598434283,0.269628462784383,0.0447904921872646,0.185401976553302,0.057591831890934,-0.00432644256192217,0.0066912426005699,-0.254371895920741,0.101465055239631,-0.224668693199337,0.0712469654112805,-0.345270171803047,0.0473382896509113,-0.386703764074779,-0.0341573267644877,-0.249798189379589,-0.0816088242589568,-0.0248770270176665,-0.171570557675859,0.296684337808919,-0.117076633403578,0.371845080369144,-0.0347041333119935
"19",0.369200577246719,0.121612561871491,0.27434572257473,0.0509137305555183,0.187944624709824,0.0580699608680244,0.00765217565301473,0.00810911063299792,-0.234304535491791,0.107819100089354,-0.216085198495292,0.0751247589752338,-0.357576468477792,0.0369465021296136,-0.413299558931633,-0.037034061482194,-0.23462922326742,-0.0880818415967938,-0.0206364955476695,-0.162067823257986,0.281239435965537,-0.127981419793435,0.356148944061771,-0.0434305789918238
"20",0.372473321121083,0.117288161382073,0.28461909079125,0.0538709236353575,0.188357501825467,0.0706012308175577,-0.00620523853916405,0.00823781854444844,-0.251395108942091,0.0836278609776227,-0.22006261301688,0.0534699016034656,-0.344896664065504,0.0509352485934563,-0.400851131282474,-0.0287805225751298,-0.237378919968048,-0.0759979716674393,-0.0324705444953443,-0.162487473656546,0.281436716145378,-0.127516795240203,0.366373590426328,-0.0432483824146625
"21",0.375343206848081,0.125670133511808,0.278069963854474,0.0528180546026123,0.193815637719213,0.0637800018075384,-0.0105793749798596,0.0186100465285059,-0.239031558424206,0.0877440767503152,-0.211760856096132,0.0623956913429291,-0.335560676947732,0.0536657383877479,-0.410577503500908,-0.0370660383854988,-0.247742732638293,-0.0869105213713195,-0.0309831409425499,-0.171083289077661,0.278158693361986,-0.124779476692274,0.360848341745928,-0.0448444174047048
"22",0.368155473097697,0.112279662759152,0.284278094559699,0.047231207522662,0.180856722678671,0.074220250146875,-0.0120246635410259,0.0268900997939709,-0.270273203501734,0.0890449036923254,-0.228968629847775,0.0655797673653913,-0.338980021183741,0.0465112921905607,-0.390334587738376,-0.0421377843286728,-0.234298874247529,-0.0701431435786395,-0.0145024178048515,-0.160423448830718,0.288169111005861,-0.133556879397589,0.367922996523105,-0.0554959273353179
"23",0.376145182440555,0.110361466309785,0.287451547299211,0.0474769519310327,0.19201362045541,0.0671684242145332,-0.00211104478288128,0.0127869847834882,-0.263663774893666,0.0739736629647252,-0.224375033787304,0.0538303372234563,-0.337753343686587,0.0497962396451073,-0.412217537303056,-0.0269847362998436,-0.22701258223678,-0.069811497515606,-0.0315592658043901,-0.159452478707176,0.28179799527197,-0.119117264632165,0.361284237027517,-0.0400280899173378
"24",0.375138851762806,0.121922950808874,0.282640075186092,0.0509749400843945,0.212409962110903,0.0627644087486428,-0.00163386276892558,0.0176371876864205,-0.244397307684791,0.0829114060297199,-0.212330094622341,0.0603468228486527,-0.34859850126332,0.0484525976179341,-0.419488409165594,-0.0356192270759276,-0.236584313930392,-0.0770110872090121,-0.0224647419223245,-0.166912177778267,0.269207053898717,-0.124460537459888,0.34610128839917,-0.0410072843015452
"25",0.375616719431756,0.121846510694906,0.273928939146521,0.0456867232511985,0.195857323527782,0.0555853584739408,-0.0040662043778497,0.0108484897605677,-0.255478286122099,0.0852887282317224,-0.223378357199424,0.0608419658597593,-0.348103939982863,0.0542378585334356,-0.39731198031337,-0.0332566122280926,-0.239961012731404,-0.0774633961710354,-0.020616795156915,-0.160446206928037,0.27584970809835,-0.126930383378341,0.367663885679517,-0.0362390361000249
"26",0.374425102485407,0.106946494557156,0.287288184766911,0.0566590016396583,0.175865406015218,0.0664405448534985,0.00677676213318523,0.0192160758179363,-0.244970201008828,0.0750466392121584,-0.218094466717551,0.0512762702075873,-0.359178904697232,0.0555291640966883,-0.41221353319163,-0.0283084738359147,-0.233232544040514,-0.0751077515400422,-0.0153016551874535,-0.160979377791874,0.275302805502512,-0.123308158100889,0.363333043939974,-0.0434104291159624
"27",0.379419346988566,0.123947977454989,0.281326229747855,0.0485067073103246,0.190101170467289,0.0593293722938404,-0.00828679349835496,0.00784729542020003,-0.256479489058783,0.0937775606615667,-0.228109470683144,0.0655213575059578,-0.339906001061256,0.0613292259405649,-0.382523239556341,-0.0416565710901457,-0.25144086143674,-0.0877115590784529,-0.0233842964360935,-0.164440246168234,0.276998528304937,-0.126065192624834,0.362284876222065,-0.040385927625777
"28",0.373878414516234,0.121926013766908,0.282471620926013,0.0499992169221992,0.191338765161399,0.0633150516935342,0.000459554785792665,0.01760923326447,-0.262430357963879,0.0901223817527459,-0.227821193384064,0.0648455734623239,-0.354486251597225,0.0560994558105439,-0.397864444426978,-0.0365348864757899,-0.233635069959346,-0.0814668819171864,0.00680349468950923,-0.160782263444612,0.269995798404481,-0.135270499525168,0.351289668848063,-0.0498623953099683
"29",0.384612946522354,0.124251054197828,0.289106716025831,0.0507086619458304,0.183587714934312,0.0684111283553904,-0.00685755504020337,0.0169738220971871,-0.258833081185302,0.0892698526901101,-0.225892754719554,0.0638191959370433,-0.349083397319156,0.0548398071136646,-0.393895161356669,-0.0384167257831036,-0.234894280598038,-0.0830819404716254,-0.00589779149283781,-0.161184820747292,0.267216630171209,-0.137080671960426,0.350830014058055,-0.0485093633746072
"30",0.381578619946095,0.119315082384572,0.275170187774724,0.0500912429869602,0.184385562513766,0.0618305814417989,-0.0340223522384627,0.0184228297189232,-0.266348263195865,0.0907910485352441,-0.240872992149835,0.0706733191900279,-0.339592386518387,0.0552953662572735,-0.371154988207107,-0.0353878808440414,-0.228855719571398,-0.0755561838406668,-0.0184209669451245,-0.178460927287379,0.29195012557155,-0.132941347072754,0.366183173020045,-0.0440731314699591
"31",0.377370958276476,0.120974269186528,0.281884069858557,0.0554892675573387,0.18785310011265,0.0663343022549872,-0.0115004356415589,0.0138331470629147,-0.246799241127441,0.0846007092108154,-0.228415183392892,0.0658083096990899,-0.350506466737339,0.0566981736637085,-0.395707472932297,-0.0364324475386438,-0.237823482857576,-0.0821917318038899,-0.0148305118973252,-0.164497960896413,0.288597948356785,-0.120182056659842,0.349876717981962,-0.0604339817365937
"32",0.367940877926706,0.121665939589005,0.291109314920343,0.0584864550290897,0.197265028714579,0.0605634872954704,-0.010244908465322,0.0175277549131589,-0.260250665020181,0.093265045194149,-0.227948625997276,0.0671511798311922,-0.347715032827101,0.0584835658708408,-0.389914702355493,-0.0373778372644296,-0.234866862793825,-0.0854419167769853,-0.0106121613365517,-0.173788809099698,0.271551482962827,-0.135687209856349,0.353686254271294,-0.0448476547254431
"33",0.383704281297933,0.137425822123548,0.267490640348666,0.0401072022683729,0.175216999788341,0.0660531938554159,-0.0117457650329734,0.0174989295094873,-0.226947893530892,0.0585676517743299,-0.189210121256246,0.0418099224820328,-0.348192076729173,0.051104558104683,-0.404330530106948,-0.00192259000046642,-0.264027584280497,-0.0809257338773879,-0.0478106577577734,-0.175260503577958,0.288559331907114,-0.129036794483725,0.377293375352449,-0.0254216581783322
"34",0.374323268536801,0.117191220963025,0.265467118695994,0.0336948978200517,0.157863689607333,0.0479993546174605,-0.0203698120141419,0.0113944841453994,-0.236213287053496,0.0552730977929503,-0.196611672918898,0.0395305782163389,-0.356485380100208,0.050948408304314,-0.406028241147029,0.00496262166203701,-0.255856859511788,-0.068163226537661,-0.0308324193354943,-0.159213348660335,0.312238173212662,-0.113015236523809,0.392505422028267,-0.0206028517997716
"35",0.38066526476069,0.126059854160865,0.274227660941302,0.0408237483016955,0.165683050013573,0.0592720219396673,-0.017954309308213,0.0125942427761359,-0.227935261590231,0.0573729994810191,-0.190565819088614,0.0406711331978489,-0.347702715022634,0.0514982121105038,-0.402538848644807,0.00113918579160986,-0.263497734224321,-0.076985836503387,-0.0520319386579332,-0.174047812556777,0.297342871759274,-0.123946566931745,0.384307779061915,-0.0144511817674363
"36",0.382116915783968,0.137403121605617,0.267510736507763,0.040303526038078,0.171250169615068,0.0704166837596675,-0.0316440117004915,0.0124165440622994,-0.221276633444436,0.061457907281062,-0.19091788874405,0.0406767669215002,-0.347971879151081,0.0518243878881187,-0.402664939852541,0.00386819322930855,-0.259284203750533,-0.081892241245963,-0.0396656205820943,-0.18024530731255,0.285383949198613,-0.134890554773574,0.387163406119815,-0.0213390274535641
"37",0.384505450500399,0.109991940160003,0.267694428061157,0.0314748869246887,0.163627665305173,0.0497472269619956,-0.0210333896005631,0.00944456094062698,-0.23575983209972,0.0489417863490694,-0.196801125167784,0.0344584735705993,-0.356518346173595,0.045024951080291,-0.408239699908758,0.00297470827395833,-0.260379467839283,-0.063447553141651,-0.0365327043213843,-0.143679200709229,0.307031602670782,-0.104613422003147,0.392405418573575,-0.0203183584072057
"38",0.384429500365294,0.152738481331176,0.262287158226032,0.0437913906562593,0.164181773731184,0.0685902894548541,-0.0153590992027741,0.0151012261748957,-0.218509408580274,0.070617237838455,-0.178390846137319,0.0539311631157073,-0.351092726725649,0.0522019984084512,-0.407111993817952,-0.00770784800687167,-0.251289026587901,-0.0836216616519298,-0.0509932472324009,-0.196468596942876,0.284401302853547,-0.1429747437118,0.377446613108213,-0.0261989366663209
"39",0.386223087713478,0.137556904185315,0.278641144750178,0.0434489939582313,0.156093255592367,0.0604284654099453,-0.0241020759410164,0.0120715481459835,-0.231600957271366,0.0604839154841405,-0.194272127762304,0.0425236821527249,-0.347818171331758,0.0556229267420041,-0.398534425741266,0.00316256121957848,-0.257471833560495,-0.0799892808205187,-0.0394255995097226,-0.17961879316943,0.305266121665645,-0.125121903337916,0.367001581396261,-0.0305690199700578
"40",0.382904814923695,0.156001367290847,0.260607413879781,0.0452437642142838,0.159009931160047,0.0701032117192472,-0.024803235454732,0.0126398112230042,-0.219586771015805,0.0677623613819093,-0.185009096423367,0.047509453237186,-0.3379130646954,0.061654315407735,-0.403438660759774,0.00147677379914819,-0.259537889751898,-0.09025175262049,-0.0435709817476164,-0.20100900494382,0.29094999830108,-0.144784440771385,0.38038754158399,-0.026345859937665
"41",0.384736441183982,0.136295342059974,0.26176854061623,0.0389400512385271,0.155259749049657,0.0531746254219367,-0.00865519797836052,0.0107255388948486,-0.237253941399086,0.0576973826189956,-0.192413924274174,0.0430539372829255,-0.348203714878487,0.0571518699504664,-0.399381418107528,0.00112384551761834,-0.258876339123396,-0.0760706536500666,-0.0466956576283325,-0.174404308251316,0.307653731749324,-0.121293410935656,0.38206173079017,-0.0263942201482537
"42",0.388145300261533,0.115665294666931,0.283992600056719,0.0441705757557069,0.160041156383468,0.0837508220111767,-0.0150199151057933,0.0314125066341337,-0.235913173175146,0.0543470013431496,-0.206054844096835,0.0385189615042898,-0.332701944750941,0.0519195780804964,-0.387551371441662,-0.0326469263949408,-0.273482726045917,-0.0551223450080183,-0.0598014046210906,-0.170488966537368,0.288326339067632,-0.126381001899442,0.390019983468033,-0.035145500156115
"43",0.406793989029683,0.101679317476119,0.277051426927255,0.0306695576825165,0.176978620975589,0.0444119131425287,-0.0189618978360873,0.00772386864851852,-0.228975035255461,0.0393869911171172,-0.192385055802791,0.0273196759550396,-0.351537334434209,0.0340962575869632,-0.411611463481989,-0.00323919646234573,-0.274988034324817,-0.0586896998028004,-0.0636722162557908,-0.125229530061726,0.290282425775285,-0.0864730260027327,0.391024574683332,-0.0116561292791972
"44",0.366254973057035,0.160990517562466,0.257754742317663,0.0450499957708633,0.159686365527082,0.0710780916837509,-0.0130638293972933,0.0108159347525948,-0.221770763743417,0.0758881622835963,-0.182138371340189,0.0506692772028403,-0.364022660478363,0.0680527153563139,-0.396688656394753,0.0037111184634971,-0.243389588103213,-0.0934182182470633,-0.034635085298005,-0.209780615069905,0.295534741361058,-0.153181306825556,0.376478132492396,-0.0298756729333994
"45",0.393711063933422,0.13810582760317,0.268498588430913,0.0427516303835424,0.166457184992633,0.0654497856291732,-0.0260640943658739,0.0134956198166428,-0.229795367816555,0.0503475793510911,-0.18881279800081,0.0306215391384257,-0.347996493943574,0.0538560116443453,-0.398968173626524,0.00820500625440327,-0.254316192232236,-0.0732088114137757,-0.0578685435630722,-0.181110423725548,0.289225601932759,-0.126675561969364,0.385929224258919,-0.0218382027121062
"46",0.373078666798323,0.112474485907013,0.262061697906423,0.0241709476541854,0.175926828044166,0.063459697483049,0.018570652829932,0.014823756648492,-0.207290516401889,0.110935132595675,-0.193551031646587,0.0862159097832124,-0.381169472148249,0.0404163087919001,-0.425243378688566,-0.0332648605116638,-0.254919917807148,-0.125052602259764,-0.0049171382803512,-0.149929121813544,0.292218870053036,-0.0994533240822673,0.345234739340909,-0.0447963301962888
"47",0.375934537438393,0.0963008427451347,0.260190830754659,0.0203033172238144,0.172489472193464,0.0700979402541254,0.0125190714159546,0.0267781165120813,-0.211236427228192,0.0991765330825873,-0.196580967815203,0.0873402475809021,-0.378280210782903,0.0404839827306523,-0.427643246028458,-0.0453370555428176,-0.250644186467147,-0.115113173927882,-0.00983782114611503,-0.135361396175196,0.3016375221059,-0.0981218737203981,0.351451425559648,-0.0465474807630036
"48",0.381894851698843,0.116236176978401,0.246273036535465,0.0174336562114135,0.162523789833619,0.063050043315798,0.0258522962671224,0.0185706202494098,-0.22017544633971,0.130279097367568,-0.193801412662663,0.100071700735551,-0.377469498619618,0.0448928988970948,-0.428489993770617,-0.0468077570096945,-0.242884375419198,-0.139540902480332,0.0168465146171846,-0.146286033218506,0.281114613043499,-0.108510952241824,0.348315624816073,-0.0493885488048788
"49",0.365065670328049,0.0969040640778077,0.269391864897427,0.0221268551622012,0.188038949795366,0.0619052735412237,0.0318307256653292,0.0210388972321576,-0.213724941839324,0.107686862144251,-0.191415500765425,0.0822029219294811,-0.374116903598259,0.0345756442708273,-0.429101051871886,-0.0358333817698082,-0.270335010312731,-0.125126050247296,-0.0155994055133589,-0.137434422186231,0.296361713845335,-0.0909298511556262,0.343603889369477,-0.0371168129989883
"50",0.372559603889212,0.0968414564253517,0.253084276004261,0.0165760016937581,0.171566282248858,0.064037842786948,0.0288299068406072,0.0202798281663327,-0.243590167807621,0.121822852420655,-0.205104023433439,0.0916814423074599,-0.385790502683754,0.0374517689275824,-0.417832500309435,-0.0261127413132614,-0.235133818760517,-0.139149268300194,0.0165642535002067,-0.134291077750684,0.311926071551665,-0.0913877292230167,0.332920618959955,-0.0577503761409306
"51",0.361856248482405,0.0952734722214265,0.257219445950087,0.0206376876582209,0.160120417933316,0.0709323424753529,0.0383952558698266,0.0204416134361432,-0.214110991200042,0.124641387132843,-0.186958454786729,0.0985040812717833,-0.380295089525541,0.0329569760543693,-0.436402928923682,-0.0514395265991037,-0.242058398309639,-0.117171007191933,-0.0181092156918429,-0.15242163415762,0.311630867804068,-0.0944354634654627,0.348712842397774,-0.0479199288360193
"52",0.366213751360173,0.0926249172588494,0.25936899903264,0.020660666287515,0.178410023443957,0.0726966950817572,0.0328452883304473,0.0197179503636439,-0.22365356822482,0.114610156194942,-0.205507052970482,0.0849568618398132,-0.35302926095653,0.0450249055575939,-0.426710785975489,-0.0393419562412679,-0.273939253691244,-0.133117295339801,-0.00429163193950515,-0.144709712516337,0.307663601794658,-0.0871916836390495,0.342629889796195,-0.0459315048476603
"53",0.393478426472035,0.106357964457395,0.251792842848378,0.0185318885618368,0.177381413390524,0.0630059654800959,0.0074561803671632,0.0181159183065053,-0.227678852034906,0.110256175343527,-0.208984231745842,0.0800608044358773,-0.364944188215431,0.0408528432886531,-0.407850525427352,-0.0300630328292348,-0.248857541704056,-0.127432663681822,-0.0193509000963091,-0.146317184854759,0.295085129435685,-0.0944587123258303,0.35247224671011,-0.0389099661822433
"54",0.376930555960341,0.100502934559856,0.262245875104781,0.0161688349681883,0.175559576616634,0.0623473710277077,0.0318405340707853,0.018875500059927,-0.22407961456816,0.102434442316306,-0.199878626209413,0.0832544311367573,-0.376216337158434,0.0335096345256514,-0.430744623850913,-0.0238142385447482,-0.253501217184507,-0.125164415120188,-0.00022242827925357,-0.133164020144851,0.300004048645635,-0.0973989768762022,0.338062256852504,-0.0375514979084049
"55",0.379312480991299,0.101857960893674,0.258087135318225,0.0221327975622309,0.174391457512335,0.0580658840047724,0.0202291968816553,0.0251083213313215,-0.216790614574762,0.114385828012134,-0.190661923625686,0.0874636630910787,-0.374885836174903,0.0385016472364474,-0.430243553666065,-0.0381654742076531,-0.247921685040808,-0.134414856851479,-0.0130948640906219,-0.138198901028794,0.290606248312745,-0.0973693438847642,0.350971958156588,-0.0393675261589687
"56",0.370671810322138,0.104526092788696,0.248438277113185,0.0221213980123834,0.168794956214504,0.0600549850290458,0.0356847581399221,0.0221802146301192,-0.221087458748905,0.105321090038255,-0.191380173146684,0.084166298779756,-0.366335715821267,0.0390596403802346,-0.420693626073509,-0.0294754876819987,-0.278168576160599,-0.124004378738743,-0.00584530103950214,-0.148618800152954,0.303089901642837,-0.093737291447889,0.356831147557881,-0.0415937616369053
"57",0.372765046982213,0.0929457463024594,0.263539146048298,0.0331177197838309,0.181792742722913,0.071638867699142,0.0267757091445231,0.0319640988546088,-0.223523046320742,0.118554173095117,-0.189556950208969,0.0812164287640434,-0.378290564816371,0.027065926414694,-0.421429376562206,-0.0392096838935958,-0.256939020020204,-0.125117956195206,-0.00747441662354057,-0.141772773493881,0.277697726400937,-0.107987588292058,0.354643003253147,-0.0424149590391546
"58",0.376142868365228,0.100860171713001,0.251372623710641,0.0260527371495344,0.177312007599763,0.0533916763172535,0.0280576110164157,0.0266780992096776,-0.216394049322767,0.121200763096279,-0.198824343910685,0.0902445193072349,-0.390818396083606,0.0468216682615636,-0.420311920327664,-0.0413054370012501,-0.247638002155651,-0.136597830602827,0.00813998584130274,-0.145520443668125,0.292096091317257,-0.0994612056750984,0.340865523949766,-0.0423647181072425
"59",0.370600991887297,0.0954684811797137,0.262639480308764,0.0222524869608843,0.177470395890865,0.0605276333384469,0.0357083977216952,0.0224398733329886,-0.229509303596248,0.105545845502715,-0.199585123272824,0.0818851785587169,-0.379230041187456,0.0397116301265443,-0.425379531594729,-0.028810814020888,-0.252152206900711,-0.123474960228689,0.000589762225105159,-0.142877035435547,0.291467235843719,-0.0933512051930405,0.347379942674522,-0.0393171141218445
"60",0.374809268169549,0.103935565218287,0.252680731862744,0.0160585788886716,0.166791693008407,0.0578719440571016,0.0198860098494668,0.0189116978560912,-0.194583570864582,0.116934447772654,-0.185554671486695,0.091583755692146,-0.37816850385868,0.0414259844672439,-0.427384095189378,-0.0506200750872555,-0.267994577749662,-0.124064740661192,-0.0193772224181361,-0.145460762349748,0.301613305489029,-0.0928492310136347,0.357281633187935,-0.0337271648403656
"61",0.370301892491843,0.103787827566585,0.256021352405763,0.0218889639592939,0.172074029917649,0.0605325491423742,0.0439409815574804,0.0269245101820709,-0.212086273207119,0.117664873295669,-0.192397793640123,0.090693436688494,-0.373709357479264,0.0375077695594609,-0.429367879243006,-0.0389445202038381,-0.267668792461937,-0.134481410450027,-0.00575897853618938,-0.147837801084908,0.294692808892689,-0.0964548531682206,0.343958009302214,-0.0412813454869533
"62",0.376669930430418,0.0942780202944008,0.240066967307538,0.0172261943348478,0.147949507789296,0.0620347731925728,0.0108649119686611,0.0228185424661438,-0.230557553050396,0.115057448496933,-0.205782731611316,0.0879428828857842,-0.369344509475957,0.0423140168990711,-0.413573774361419,-0.0279885671641328,-0.245304332086757,-0.127451385007609,0.000891653155661575,-0.145724161559646,0.327089669638572,-0.0921093450621336,0.361030260295699,-0.0483984197762323
"63",0.361069255631177,0.103679411082731,0.254896006960904,0.0195876962440537,0.169856990565855,0.0673021963324874,0.0408179228177676,0.023014478698197,-0.232973870927354,0.125971449600481,-0.195745841763003,0.096090851055559,-0.374061102256318,0.0378472029339486,-0.423534992677985,-0.0458447464031627,-0.251081041874518,-0.125918957799676,0.00283797876035216,-0.147003650678273,0.30120521980479,-0.105196718746727,0.346713474958332,-0.0495292123196188
"64",0.382093056332312,0.0993102441473451,0.259626227511401,0.0218633001967793,0.172020006331528,0.0628609777344387,0.0211493386628644,0.0172384472585586,-0.213742611315184,0.106858181817965,-0.191613220767381,0.0810576726094626,-0.371271344676339,0.0353825192351149,-0.42532899991466,-0.0342818869814643,-0.265442737394186,-0.123875229476426,-0.0159281485728343,-0.136472703349888,0.297664169087251,-0.0906049715975502,0.350774264715228,-0.0393365515943361
"65",0.368787396226693,0.0931109558385242,0.247561318888807,0.0163804573917332,0.171368623891766,0.0677015801572096,0.0332443468389701,0.0206833336735348,-0.209466240405426,0.104893200908741,-0.187728897872101,0.0781050153706858,-0.370203576441005,0.0392217569342434,-0.427462783543062,-0.0298955934176266,-0.274174433078619,-0.127588488477517,-0.0258132441230893,-0.142607432234861,0.315719846568161,-0.0827759979617622,0.358167643048904,-0.0372287881829047
"66",0.378712463869489,0.110558877964911,0.256465016558435,0.0292734793592383,0.172152439653258,0.0756551994214449,0.0321821605079121,0.0294817734345839,-0.215040264877575,0.121735377278207,-0.190429742308192,0.094019759202808,-0.376004670481559,0.0346224914976175,-0.427989589567236,-0.0447837510169098,-0.255167344308402,-0.137415047999876,0.00294932340002213,-0.143298707872477,0.286244306471534,-0.112429130126818,0.335925901082315,-0.0574203211427292
"67",0.375882966718711,0.100816317645149,0.255109261783553,0.0190234977680075,0.169418616995131,0.0657754441521079,0.0252186829101933,0.0180659675801766,-0.222049245464941,0.109500581641157,-0.197422252301894,0.0831649963458934,-0.375960523763067,0.0375901496349093,-0.424946262281907,-0.0327502690973342,-0.254980932143981,-0.123367498341942,-0.000883165066919517,-0.135902112001933,0.30059513056458,-0.0970579454649161,0.350017722050542,-0.044859129861275
"68",0.369312973634111,0.0960844843110195,0.25302272568267,0.0216330537042482,0.163241043918363,0.0689149553620124,0.0301040889947859,0.0213158463916736,-0.220466103654098,0.128550645325596,-0.194968091879998,0.101307818096336,-0.373875701194502,0.0346007110069613,-0.422204203182259,-0.0507669105988276,-0.245954086167852,-0.130894010138896,-0.0185482637024788,-0.145104227892358,0.306957553355169,-0.0993322299526164,0.353378064196088,-0.0463101356151484
"69",0.390335323998231,0.113851107867469,0.260092364724268,0.022798314345805,0.169033332080487,0.0648610485431898,0.0192798395281011,0.0252591865897851,-0.218509660327308,0.11467419385073,-0.196151364910322,0.0909907650294575,-0.370344847221935,0.0342674716991865,-0.420607157405054,-0.0407902099237224,-0.255554177857621,-0.129303367327148,-0.00366312779565703,-0.142147864506842,0.283362974768121,-0.107335189851343,0.342726500418688,-0.0471254563165675
"70",0.363494160477732,0.103054122444604,0.272253284723318,0.0276531854498483,0.192145324370915,0.0706516413864188,0.0329754380357234,0.0221884394890287,-0.207868451170556,0.111370380656587,-0.186858605608101,0.0844098988934332,-0.37046096294814,0.0343476066054635,-0.428319625188117,-0.0395593052125232,-0.275531133815389,-0.132974881429005,-0.0233889533466501,-0.142309276770468,0.289494367622414,-0.0926693841612484,0.34206515684685,-0.0461624273521388
"71",0.372848723747535,0.0949836154050557,0.248282882385757,0.0172986362570075,0.179334450454148,0.0610043815592858,0.0449933223630604,0.0266816937754101,-0.216215223794924,0.114634367830258,-0.198520712525524,0.0870357349987472,-0.35682284964888,0.033046506084192,-0.421663665081502,-0.0360516930639328,-0.282280002481638,-0.132905415896254,-0.0282390625926436,-0.14853436650962,0.305217006384843,-0.085846852125041,0.353065130789769,-0.0313466083151087
"72",0.37767901722696,0.0999872665529001,0.253711006018854,0.0158177737211847,0.165196352810571,0.0537616286833046,0.0191902346735903,0.0155814007671898,-0.221952149115115,0.102341005080794,-0.200291852405002,0.0762531223074211,-0.378443291523801,0.0410015964920789,-0.427294905616848,-0.0246012381083396,-0.253395328062543,-0.116790618839387,0.00626320593323374,-0.133370582845503,0.305421500602089,-0.0908571983755363,0.353916209458013,-0.0391241554361077
"73",0.374373004484062,0.0954499585654484,0.261205114816905,0.0210584673782813,0.169966244526084,0.067194535796713,0.0315041404920081,0.0193112069768839,-0.247575491783317,0.11186725112328,-0.211698596722791,0.0899639136401531,-0.370372804536088,0.0383405625351901,-0.40894305460806,-0.0333983814917419,-0.247352503223442,-0.124863215906885,0.00354636836576669,-0.138866158818709,0.291698593586916,-0.10071619947487,0.353648984601957,-0.0453419403237444
"74",0.377142071175082,0.120337314257236,0.259785577877452,0.0267298844432671,0.189940329018787,0.0692777371082059,0.00907506204110936,0.0159079731978147,-0.2137472467771,0.10394351336872,-0.17685949282451,0.0783327895164694,-0.359714477604064,0.0494145926441289,-0.43354620980021,-0.0336917002067167,-0.268238815513811,-0.122171069378143,-0.0099161249398265,-0.167116409204283,0.287424739722422,-0.101481671928706,0.33865458762467,-0.0394829538179937
"75",0.37210578644822,0.100087250246181,0.254846351017061,0.022155410237119,0.177064471237179,0.0705415283565919,0.034529273044254,0.0337612655275942,-0.19844929961561,0.114409478071946,-0.174102282582013,0.091042028890028,-0.396685973440113,0.0264062453333112,-0.438460561607722,-0.0407952946304135,-0.259125782654622,-0.129083691498166,-0.00261086190399758,-0.141541427471392,0.290536188182458,-0.100122332681748,0.340352691874906,-0.046860460381052
"76",0.363845405307803,0.0923283827605912,0.264111880917844,0.0231110801307013,0.178994462565763,0.062956056287058,0.0463703831906774,0.0215887353348055,-0.220957557470125,0.109402686343519,-0.196285950667782,0.0880361039751608,-0.381009899905568,0.0347743582590792,-0.432486921494586,-0.0353823594591473,-0.260726940007114,-0.122061317194801,0.00325108662508689,-0.141013453226896,0.292336249771812,-0.0975564949068982,0.342557801166188,-0.0361837783031728
"77",0.378380387185024,0.103313953950447,0.259276241899594,0.0239893521798248,0.165338296324131,0.0717418156116328,0.0240358411931884,0.0190218151820495,-0.196600635826817,0.10961361201006,-0.180886884270781,0.0930347498355439,-0.385927109070279,0.0374336641908779,-0.42163926968709,-0.0428788001509551,-0.26674387847372,-0.128251516957252,-0.0211687057203673,-0.148915515791887,0.296096612086218,-0.0959644801177878,0.3498391043609,-0.0421386499425546
"78",0.35056615178798,0.0882483657201182,0.250713561201673,0.0215596031252473,0.189315284389605,0.0756652303482534,0.0396852860658668,0.0269519716509616,-0.206442188011893,0.119385498157399,-0.186647618611141,0.0941752846652873,-0.386410307136438,0.0328871278175252,-0.44696197094229,-0.0340341512143254,-0.256602928687383,-0.139494808982383,0.00958880107395723,-0.144060572938148,0.30665461678673,-0.0905938170761345,0.336541312083333,-0.0506897312738005
"79",0.36848687692448,0.103930335991448,0.245783326493464,0.0173451336676949,0.170128921494678,0.0639785395587371,0.0567668025718423,0.0324399315232152,-0.210072635302187,0.113185391982438,-0.185033472273847,0.0867627906988664,-0.380120190160333,0.0370473745222333,-0.437385386553228,-0.0359747405985227,-0.267765838200471,-0.129245033166393,-0.00580205388849436,-0.151013339108253,0.311492358893441,-0.0938085756181386,0.333521290000656,-0.0446478094533248
"80",0.370154898813764,0.101574298522474,0.252101917043088,0.0222067000500152,0.18085017135906,0.0594380266497103,0.0321712755309388,0.0237667686698358,-0.223404566089286,0.113095053633344,-0.197958362240714,0.0866896832241956,-0.381279562150508,0.0384622394629688,-0.429626117713018,-0.0318094930822761,-0.252938809629801,-0.127323591512776,0.0106059520605747,-0.142374124466617,0.304422270850813,-0.0935995320023033,0.334900932165089,-0.0501260291485717
"81",0.372341450786954,0.102647307365142,0.246508948792465,0.0165555018872264,0.170188759138143,0.0636579600046169,0.0300695589548246,0.0248402938658745,-0.215137298028843,0.113238237057983,-0.188235514593058,0.0790600678129461,-0.37806035439851,0.0408532571740358,-0.431438820542799,-0.0328504451965671,-0.258653855732068,-0.131384539298552,-6.81021327563688e-05,-0.135788972735347,0.293971686077407,-0.105534515687206,0.358513541678242,-0.0352941522501523
"82",0.359869638443777,0.100574751623685,0.257489365264734,0.0228037023454171,0.179711178491681,0.049368948696123,0.016117622593843,0.0368037238514727,-0.241829155449943,0.12293233097204,-0.211509435137471,0.0818743556923023,-0.381671820535556,0.0498611151723322,-0.417459217448916,-0.0282740376991399,-0.231493148678068,-0.139956881832111,0.0245508183584598,-0.141344332313689,0.302077591296943,-0.106437190833461,0.344146562800514,-0.0482064856749721
"83",0.364332185238916,0.0868751675704293,0.257774514068614,0.0163200966178055,0.175702506917609,0.055764776338863,0.0217882428466856,0.0189063545093502,-0.236906506316238,0.104577120028462,-0.209800819830051,0.0801618944748712,-0.38297405757826,0.038430923056399,-0.424023769549296,-0.0268909466092693,-0.243694234176742,-0.113213962356464,0.0156916435754318,-0.128188123541008,0.309903490997626,-0.0900812108953341,0.352206803805706,-0.042662089194104
"84",0.380314335294768,0.101287067508837,0.258713224927989,0.0262714531635082,0.16611079069477,0.0763375030965384,0.0316148888128759,0.0236036106938264,-0.206021637384597,0.115456394160251,-0.184035148598694,0.0876024356885796,-0.368936552844796,0.0358266890657068,-0.426889267156451,-0.0403789881839405,-0.270044916211374,-0.137138764646447,-0.0215166261073536,-0.147475011058438,0.292716739208409,-0.0969321382623266,0.347974169364453,-0.0444602512260941
"85",0.366055018137555,0.108421316213167,0.26039028315853,0.0138664714219254,0.142565003827303,0.0583366987591851,0.0297974413767561,0.0166626982807528,-0.212802004066159,0.129373347106189,-0.187256791520022,0.0973868664090031,-0.370334747833885,0.0512462044398391,-0.42411621775291,-0.0396964316920636,-0.248685587022159,-0.153936166272093,-0.0268045283795299,-0.147861598312919,0.313776605191887,-0.0962521368205505,0.357415524882633,-0.0375472695324346
"86",0.377530566216608,0.0929053852525963,0.260228514576349,0.0149129528449138,0.166496849440931,0.0649897288390651,0.0308925037102088,0.0217824796169003,-0.234312851722813,0.112395118773364,-0.205632629317568,0.0862002639331948,-0.38598924712143,0.0383794005152651,-0.420894277499697,-0.0344519661855701,-0.241442576215977,-0.123172267772937,0.0133127023891735,-0.134023746755206,0.293317323771985,-0.0941227264719563,0.346493121772229,-0.0457946225896302
"87",0.373441264264897,0.102105314899929,0.258571356829563,0.0212223514705379,0.177545840410576,0.0611164186415123,0.0235437888261433,0.0225381919707556,-0.221604690469851,0.115705405669633,-0.197697138523738,0.0886868150146001,-0.374310775908463,0.038949030212225,-0.423126559028649,-0.0354521291174597,-0.255369984362185,-0.130776641079216,-0.00115916968096146,-0.145356992554022,0.295409242383352,-0.0965101290451748,0.344756825259317,-0.0422276360833208
"88",0.35818272885541,0.1209184066883,0.277979414680753,0.0565362626096594,0.199249259926281,0.0625650737860043,0.0140070998445165,0.0176269722039836,-0.232317513447363,0.103471427229946,-0.214096059963158,0.0786530812549496,-0.370434881991338,0.0364475483842226,-0.421060145180602,-0.0463580592664519,-0.223983185145277,-0.0732804280213729,-0.0120749128818206,-0.172831219109113,0.275074600113925,-0.126445922568155,0.349473595188673,-0.0573031431919732
"89",0.361228905589594,0.111593737860659,0.28101639177291,0.0535787187481915,0.187508623448179,0.0637184341883263,-0.00422058138199029,0.0126638941148361,-0.254530439868516,0.105483400107808,-0.210793122979071,0.0759687762261485,-0.360965100088139,0.0455408087437215,-0.40900333029336,-0.0439953694065326,-0.224227996205315,-0.0819396725397138,-0.00649020251491467,-0.163213278347688,0.282498464186973,-0.128252826009551,0.357978388333651,-0.0511466236862039
"90",0.353166934055145,0.114258941588343,0.28526378410011,0.0583736106690806,0.191577856980765,0.0606475591407448,0.00433749554850013,0.00837831556916752,-0.243205705249292,0.0891203510313517,-0.216997755490647,0.0573744095392222,-0.358723305030279,0.051645740035394,-0.414600496772326,-0.0217752370298007,-0.244163206050497,-0.0789028199257854,0.00346503951565881,-0.168064064181266,0.288406934650788,-0.12481342720404,0.351472423742073,-0.0462433792324103
"91",0.365058182629017,0.122921793948532,0.267412106341317,0.0549227924111859,0.202004374950837,0.0589084210034827,0.00461939827357406,0.0130324462750212,-0.253675460758417,0.0867708549797942,-0.215392158671204,0.0736614756459607,-0.364165151834706,0.0462505247927978,-0.413598413427709,-0.027093183628483,-0.227643278068019,-0.0859619038774934,0.00103049956855533,-0.156382791449625,0.289863778318427,-0.12461117108417,0.344486122678327,-0.0624192590170025
"92",0.36011642693628,0.117721191010828,0.275606225609702,0.0541429599678629,0.195714306179416,0.060207763903414,0.00452043571233,0.0109228562015875,-0.247960500182013,0.102716041637773,-0.215816461041007,0.0772266866537251,-0.360023520045548,0.0487266554196165,-0.407886096089541,-0.0345414741358643,-0.230358171979111,-0.0876319976516597,-0.0113599425429473,-0.177539223674089,0.296195028589513,-0.12131431515974,0.341252268852927,-0.050637144173454
"93",0.359265747027168,0.110094988516756,0.285037959993542,0.0590158775167145,0.19952226955909,0.0655661502311289,-0.00152445719359343,0.00837459275319761,-0.250951371206503,0.0983199110980117,-0.219291178292383,0.0732403026144364,-0.359761682847899,0.047077433975107,-0.40680352188481,-0.0346572043151905,-0.230430998167938,-0.0849854619001746,-0.00884860649866871,-0.166731276034305,0.290706345060629,-0.122901655697997,0.343079494451366,-0.052413658757684
"94",0.357850591888946,0.115118797431688,0.283582128735447,0.0566357928625703,0.191576178079658,0.0601077624923804,-0.00401539959262587,0.0113589442235045,-0.248432331485142,0.100066057522175,-0.216571406594172,0.0751242349927783,-0.358795478604633,0.0471184277076485,-0.410728475008549,-0.0349125506658513,-0.226830765170195,-0.085425584672056,-0.0102165439425556,-0.168650409659631,0.297365152862219,-0.117309835060201,0.345216348831604,-0.0592316371750053
"95",0.363696976275167,0.123279133606159,0.277166411466344,0.0568247568693232,0.207491760251991,0.0561358618483293,0.0120863921958304,0.00372238946649799,-0.270993220792263,0.106775426694322,-0.221783008147421,0.0760418850402683,-0.363901000480435,0.0519148454465025,-0.401690296962209,-0.0427299990790266,-0.220345029413122,-0.0812843458904555,0.00192204539627043,-0.165170197711336,0.278463168581993,-0.128874004836086,0.337885801627854,-0.0566357514544984
"96",0.373373602595749,0.129533733073348,0.275614659063842,0.0549899399393434,0.200927169025248,0.0585956008608396,-0.0139651415954949,-0.00483632418060769,-0.245673623051199,0.0955803963984754,-0.218251531294391,0.0716691606420447,-0.361141702122746,0.0574488370491405,-0.396971809309778,-0.0364346820339229,-0.228208777945209,-0.0872394918666368,-0.0214777189530822,-0.163181088994233,0.287451878493468,-0.125326730656026,0.348322995093595,-0.0507993502317657
"97",0.361330263231443,0.109219768934318,0.274547447879718,0.0533314657679364,0.194243692557899,0.0597865664216039,-0.00147284208220706,0.00723219142598766,-0.251908248967628,0.0980527977009142,-0.219619431113963,0.0733250986490074,-0.360924254345314,0.0479646717036978,-0.40733666513343,-0.0325015037344251,-0.2283238764446,-0.0823376033878857,-0.00667885651965185,-0.166573979947242,0.295146347823447,-0.120729467765386,0.350996423114287,-0.0467700057685264
"98",0.365096038545849,0.114646571788476,0.277539163427283,0.0490136707804653,0.193247702833646,0.054434619192247,-0.00185308604328472,0.00688283751730526,-0.250596690518187,0.0981289771873403,-0.218746261805294,0.0736515949048042,-0.360112997194064,0.0475333425580876,-0.407616004463959,-0.0331771895097976,-0.22968356416848,-0.0814254059209984,-0.00913305066417882,-0.166011301611067,0.295151480715202,-0.120841420506971,0.346707269335468,-0.0428362963798924
"99",0.366065340208149,0.122356435504355,0.268892502012635,0.0500281659920726,0.202059095398103,0.0603752154894522,-0.0160678027460328,0.00862845163147688,-0.258414831252495,0.0901167774993805,-0.215687410156367,0.0702793929755182,-0.346938781903768,0.0537025003733178,-0.406262557547675,-0.0277921962904671,-0.238903454816935,-0.0898957945703811,-0.00164771075148147,-0.159866816046117,0.300579968849185,-0.119329484815008,0.346325642706681,-0.0586026477435997
"100",0.36129806244607,0.11803878419077,0.276495688956674,0.0513623985488813,0.19755406853235,0.0604068255764301,0.00164736483753141,-0.00273448758457688,-0.251386785333573,0.0953432283674138,-0.227688322363859,0.0682462832695705,-0.350425529574363,0.0474937994432508,-0.404342827094639,-0.0255038081550092,-0.240918236229364,-0.0821835674882156,-0.00702423399998324,-0.162479576932541,0.292615344196204,-0.122369251178517,0.352175405626953,-0.0456206280574576
"101",0.358743231535797,0.117607354580878,0.276923698223276,0.0522565591351527,0.198100010419734,0.0580839797632995,0.00365605553165885,-0.00882168031139784,-0.255619907200615,0.0964473015226108,-0.224816144825974,0.0690852534543358,-0.3528435964618,0.0488341480842676,-0.408717575817904,-0.0252951432415463,-0.233238285473884,-0.0820613368172954,-0.0151813284294527,-0.160835186718947,0.314196155692774,-0.102327479540955,0.338797686806392,-0.0629737699104035
"111",0.361705522461182,0.121205667028462,0.274482261480214,0.0520031848550777,0.196534613995512,0.0577635116338469,0.00594536505444367,0.00840796624486238,-0.240117054176935,0.0916859848463155,-0.216225007495848,0.0690912664965679,-0.359865740521736,0.0519490975271261,-0.41542074864208,-0.0295717756098474,-0.225077016947127,-0.0913701219913845,-0.0277499787450467,-0.163215455544276,0.290948177888354,-0.117238851371908,0.354839605649068,-0.0507104741148429
"123",0.366774387199742,0.125844607063092,0.269158941297836,0.0520741317078068,0.210605617106376,0.0624866431312951,-0.0209877275459552,0.00756327513086355,-0.253712061272342,0.0990637350846734,-0.217919205694885,0.0735934166748752,-0.360105489123058,0.0474929681323229,-0.402326155937654,-0.0347724168578249,-0.222544015536135,-0.0825191281943557,-0.00315778002734101,-0.163937309701767,0.283541503408414,-0.13615981593741,0.350671986125002,-0.0507301062335717
"124",0.362009442729299,0.114815730334867,0.277617908159576,0.0563544585714182,0.194949407926837,0.0600406254263007,0.000136402671359075,0.00954012878092205,-0.229600467353297,0.103826067042444,-0.212318058228308,0.0756374954896194,-0.372472048994925,0.0318584268840219,-0.402305833734171,-0.0421058883868419,-0.246870257514982,-0.0705300077203039,-0.0130327581074071,-0.165178184010039,0.291294658367323,-0.124173468547885,0.350591604078697,-0.0500853838645233
"125",0.35994929198855,0.115787083080701,0.292323238449029,0.0570768801018556,0.195688526094316,0.0550322839649857,-0.0128734034305041,-0.00484367483206534,-0.25742285375784,0.0940440841793584,-0.22574580469018,0.0687887970598786,-0.358878101655899,0.050645136768644,-0.399502960954024,-0.0246541954010878,-0.226270621991657,-0.0780570723312178,-0.00862334724260003,-0.166987039184537,0.297383125844155,-0.119020477819235,0.343972911346654,-0.0478118055872812
"126",0.362135801968804,0.117628582412166,0.270465181137641,0.0572978384898752,0.212713986439587,0.0678205549973622,-0.00374021739638643,0.0140755387795231,-0.248990967446791,0.0881144977830466,-0.216885529060145,0.0662781409230484,-0.362003028242176,0.0401516861425096,-0.411436263269029,-0.0204314536066679,-0.225469335136565,-0.0800008529645977,-0.0117188115078723,-0.173359043721145,0.286573150153014,-0.120570387851602,0.348356032359917,-0.0570051013835186
"127",0.35722846409119,0.116838700519857,0.276786992288405,0.0537364157559071,0.197008129696879,0.0587131314890161,-0.01371242754235,0.00714614221608293,-0.251586089670661,0.100695719385313,-0.218652743152832,0.0756951663377988,-0.355734447938023,0.0489105713017876,-0.399183606584114,-0.0338388674682205,-0.226567387440145,-0.0842114601539448,-0.0247354906429762,-0.171802973157273,0.311051482781372,-0.119892653978925,0.348097124113255,-0.0519898922473991
"128",0.365923227527392,0.125044057872896,0.271213427516029,0.0467999167745164,0.200256361286894,0.0590632499476855,-0.0164152242624885,-0.00746145368412345,-0.244301204901427,0.0929462686429432,-0.214394084631383,0.0639578476299298,-0.35358401784894,0.0456846007469895,-0.414226596489422,-0.0199668774830786,-0.230301482164588,-0.0813175190851879,-0.017318771663294,-0.161318203018786,0.299100089638949,-0.112612261450056,0.354048275992278,-0.0508196268937294
"129",0.357692284756497,0.11180890770797,0.293555856703461,0.0592608248017839,0.215214556535285,0.066009411389907,-0.0022174304127282,0.0085176144076935,-0.254971775422404,0.089275209400024,-0.224366040504884,0.0666428594088126,-0.359105662215388,0.0414256377962556,-0.39619791077412,-0.0275969491988707,-0.238102010855398,-0.0790308848389473,-0.0217796463218283,-0.164937224547661,0.2905646197217,-0.119095403440128,0.339713158789807,-0.0522800028868394
"130",0.35598370546427,0.117399218668607,0.27653035802635,0.0615250961939542,0.183581580922357,0.0646013049803616,8.36229828101651e-05,0.00680199625684953,-0.249041923450619,0.105614212241774,-0.216651157854891,0.0788179590744881,-0.357288061477172,0.0522143171984768,-0.403597071819447,-0.0343065637742047,-0.226574430724791,-0.0890110427513788,-0.0112043401699832,-0.181045755588433,0.298071530297546,-0.131900624391592,0.350106187803569,-0.0507101181089018
"131",0.359415363450678,0.120549851957025,0.263049766209706,0.0539458817615846,0.188490994843586,0.0591598213374312,0.00104827655958634,0.00586464972027243,-0.251795445409668,0.104175651633887,-0.218860713560533,0.0779098059725005,-0.360808528084054,0.0519748174947786,-0.406161327875019,-0.0325898522204888,-0.224962336939297,-0.0852500529038224,-0.000655232627753169,-0.174485504817619,0.30220319016056,-0.13010664899456,0.349035993272207,-0.05114842094099
"132",0.36032244939772,0.11686032584399,0.280483488592907,0.0526412831423143,0.198174371795194,0.0696305816793946,-0.00125907300714832,0.0102238151809068,-0.2560787385292,0.0966534368174626,-0.223395560829515,0.0726614674819269,-0.361360921296142,0.0440220138398386,-0.398262790800138,-0.0338585995385526,-0.228604869341254,-0.080663104278759,-0.0124169564405191,-0.162756601055688,0.30029680372166,-0.123810768134246,0.342101796736435,-0.0616038509785892
"133",0.359534782455194,0.119204381862572,0.280535372023933,0.0552196754005971,0.19044237301816,0.0688611005121816,-0.00189049539301906,0.0130225470868398,-0.24977951725048,0.0999079419363635,-0.217348996459795,0.0757496090808443,-0.359360000983955,0.0437450455384517,-0.406684789836704,-0.0388526788923523,-0.226361983413384,-0.0822833753271621,-0.012142489739399,-0.164129329309501,0.295221255519398,-0.125543303535499,0.347834490060052,-0.0649016143533347
"134",0.371744500717013,0.118142713322871,0.263578863009456,0.0156853131418189,0.170316208461209,0.0614384434049099,0.0132224504724145,0.00412481481715204,-0.245052056565665,0.129237569264903,-0.200570687922501,0.0858801713602732,-0.370924077031718,0.03985323523164,-0.406783051450955,-0.0314071441483929,-0.243478563250983,-0.108560100087912,0.0132216394761497,-0.171513118236908,0.27845334845073,-0.11578041697235,0.35627142563485,-0.0271014810980049
"135",0.365046159665726,0.10916937625337,0.263509805012734,0.0158334040511651,0.164841122279717,0.0619080902937707,0.00694356602933385,0.0027838014147985,-0.251701130574843,0.127636955642624,-0.207899103613517,0.0843581187467842,-0.365989174419061,0.0429692716357044,-0.394333303997631,-0.0245493936632177,-0.24698232317077,-0.108889427603948,0.0117209959220801,-0.177217386057329,0.283067659845729,-0.115998519517053,0.371775727020501,-0.018004291196671
"136",0.378683194553973,0.117038924451482,0.263159549598474,0.0199163257322558,0.163108291537266,0.0584801091101278,0.0152264246106643,0.0176617740200246,-0.229486472708743,0.129902516687225,-0.192409440954342,0.0856111868930441,-0.356622955577325,0.0391520162088659,-0.394056513017113,-0.0302959800398317,-0.273088966845944,-0.133492793962239,-0.0188956973673891,-0.17294108010306,0.272517898665621,-0.122342718364716,0.371864687504857,-0.00869028063317799
"137",0.368420601721729,0.112787070561764,0.256161223184661,0.0142007581706523,0.183054821910871,0.0521008663377963,-0.000384014315622542,0.0101906354184296,-0.249042499480237,0.122987411434235,-0.205067319096554,0.079608587358475,-0.370209207425807,0.0440959423941495,-0.402973484995376,-0.0160277767415961,-0.233998639086121,-0.122114881947473,0.00319990641394993,-0.167363936407036,0.284788457304513,-0.115529622946763,0.366050153863994,-0.0149350536326334
"138",0.378287169778589,0.107854202988328,0.269447665462535,0.0115480904826905,0.172386921656866,0.0782480971760302,-0.0471535909008506,-0.00918368032823357,-0.25762843277796,0.131606760485251,-0.224572113517134,0.0788425144791284,-0.351072805428756,0.0537133264726568,-0.386241816955373,-0.0164335093570156,-0.231977219299942,-0.129555348547,0.0316246912030828,-0.163664393876504,0.270671459909754,-0.124806916692346,0.376228070869187,-0.0181691432829859
"139",0.353713817609451,0.120064635876612,0.252994635297705,0.0168595178738354,0.168735558178955,0.0603068791628743,0.0174150413117364,0.0048192826297052,-0.245134140087598,0.139867412629245,-0.202414215854316,0.0887055837880177,-0.36537535783676,0.0527786088080291,-0.398805476399828,-0.0199706540211342,-0.254661618551178,-0.137339349518297,0.0226792891054012,-0.180696596033177,0.288284123485289,-0.126442183614757,0.362568343741141,-0.0189531375809539
"140",0.364322768804187,0.121945428545189,0.257491238950954,0.0184944565999935,0.183455961506809,0.0491904673620758,0.018421871668408,0.014601496032631,-0.244191418749419,0.130169067919506,-0.20062713362826,0.0830637529661399,-0.372937193087201,0.0481094865871036,-0.411385355287033,-0.0147229809371873,-0.247945031227518,-0.138365641622245,0.0308621541628359,-0.170549728579097,0.270490151667346,-0.119158172893297,0.35204198521889,-0.0227776319808116
"141",0.372448611126578,0.119263468328902,0.253827848727292,0.0102639846590249,0.176622860947772,0.0578009350088313,-0.0028139285384464,-0.000499008656532435,-0.256339605874432,0.133756935328332,-0.215029504204882,0.081598153608571,-0.369040545031441,0.0549472822988074,-0.403098933358455,-0.0142142541629696,-0.24007178731634,-0.135955650028422,0.0563834434011833,-0.159431432508025,0.272031945760026,-0.122813658119039,0.355079594361145,-0.0247167557574807
"142",0.367577496001764,0.119193659787235,0.250029862504228,0.0107447612008619,0.179982103674412,0.0548646554305483,0.00119101485430837,-0.00685597799898984,-0.236673304416581,0.129938143930217,-0.217579862929931,0.0822473721904968,-0.376222681779687,0.0466407943465581,-0.396672771711357,-0.00754349422421421,-0.246879649395466,-0.127563086790635,0.0327813612973635,-0.171473405932776,0.272087429110564,-0.118645322388459,0.370379002790384,-0.0115480995508434
"143",0.364558006767043,0.11442604051894,0.2547265163485,0.00817557947902796,0.159908164244079,0.06597873905403,0.0094611987609507,-0.000197545799893915,-0.257467954850482,0.133477380262448,-0.201137854788791,0.0823768117346821,-0.366222479402638,0.0552455298205204,-0.399646101585949,-0.0211708016922084,-0.251551468216798,-0.124772181350662,0.0386140613773799,-0.172638410032956,0.284939185716468,-0.119766878430063,0.363818725630236,-0.0211342635638633
"144",0.368831286878076,0.115410537612008,0.254746442927616,0.0109987426563426,0.167349879263225,0.0602804466923323,0.00969986130691182,0.00703740644129773,-0.254121115555435,0.135675616883617,-0.208109341204774,0.0857668084559451,-0.374762636911027,0.0452163603335696,-0.402862901089299,-0.0260871643264955,-0.242616581094825,-0.128442095064275,0.0420965103468841,-0.149104076056394,0.28348142453669,-0.123392090235666,0.356267170595957,-0.0333604933922812
"145",0.359678688902575,0.115168058352192,0.253484275606271,0.013982072381674,0.192032817146676,0.0465385744004186,0.0172319217328864,0.00585093844319504,-0.2449765240334,0.131452046798473,-0.191981012380856,0.0795985885034563,-0.372604979100189,0.0497737085923877,-0.40791794788742,-0.0192074618219359,-0.25865535425289,-0.131109177518567,0.0159229340150424,-0.170156132680263,0.281198283311165,-0.112278912125296,0.356586896940139,-0.00961230332573467
"146",0.368968297494213,0.11303833592859,0.257977938584469,0.0173392730738866,0.167329229799433,0.0566380036352737,0.0155090281836845,0.00919033795200766,-0.274963815911771,0.125198738362149,-0.221462655177867,0.0798717645241841,-0.362130199410634,0.0541942855205317,-0.393320934749347,-0.0129906247985351,-0.239607051632215,-0.12500935020841,0.045953424161384,-0.167147451049317,0.273910378886798,-0.129564176057135,0.361836359771851,-0.0207591368832257
"147",0.370264551950391,0.116447114069562,0.247722402410453,0.00630231877390468,0.160552618575398,0.0667591009479907,-0.0106167734703373,0.00823164559545912,-0.231396696071741,0.169375559031892,-0.198653198144656,0.11218072397847,-0.353462955120184,0.0491086351491681,-0.409099694934727,-0.0683856348233498,-0.254572129716392,-0.14256611375532,0.0350598235933816,-0.158352525944484,0.280714751029136,-0.128080397438372,0.363487299899277,-0.0310204255849212
"148",0.372939593564544,0.120290897343854,0.253168177970281,0.00923184015706364,0.182145754331311,0.0559254248597749,0.00878739590745807,0.0141310442045024,-0.257170770017434,0.138717198917911,-0.213032638715626,0.0908464957068318,-0.36637041970453,0.045731143566507,-0.380159489844896,-0.0297225820920656,-0.247493514922702,-0.134585442722015,0.00807309606804542,-0.169013816596334,0.271521240121953,-0.123805037677485,0.367591575241595,-0.0177471656685461
"149",0.39424145248118,0.127536622727249,0.258715931046406,0.0175518450262336,0.18135439280607,0.0536813174985198,0.00368268834586739,0.00130292960087993,-0.241257230871513,0.129147663037953,-0.200648171026293,0.08185376159922,-0.365456458972426,0.0455091523603715,-0.396714238106291,-0.0227806635679609,-0.245844754580643,-0.128575474325295,-0.0015456884122239,-0.177358736641071,0.252280848218083,-0.118805634495443,0.361191229071782,-0.00906278282065705
"150",0.382932600476778,0.116593426513726,0.258834628882025,0.0141143718051456,0.171605029036005,0.0594059502635274,-0.00241037146398365,0.000474651770904317,-0.244773642664359,0.127246999249982,-0.20800830414524,0.0791502156819596,-0.361851265770081,0.0469395765150929,-0.399736203986093,-0.0216386329108846,-0.257802029868865,-0.12645372234514,0.0300152116951787,-0.158005691280017,0.267167454607207,-0.118899072853264,0.364026893201427,-0.0189280724110326
"151",0.383849920263719,0.117192538334794,0.257534805542487,0.0131433167647746,0.169579815942274,0.0583519943411918,-0.0038488187510392,-0.000314335765814073,-0.245050313167218,0.131668576161232,-0.208338334006953,0.0817715455405024,-0.359387230486734,0.0484893990843815,-0.393048103154058,-0.0250456845787845,-0.258324794484814,-0.131068828248085,0.0184858815872234,-0.159372549483234,0.270980056862886,-0.116956096579166,0.367567113852226,-0.0178598755717916
"152",0.361922194772662,0.114102736852035,0.246811372264038,0.0129261996585059,0.187024408525715,0.0445717806243378,0.0121251614804435,0.00343458695308593,-0.254545596075773,0.12916434355042,-0.211623815406075,0.0827403324674539,-0.373048554005578,0.0509205491701354,-0.403308027486411,-0.0152129063301653,-0.250160072359319,-0.122636677740383,0.0447481050501256,-0.167439532684332,0.285835052637436,-0.118186567273387,0.354219770602736,-0.014384845247707
"153",0.385682381028312,0.109986587274176,0.257431007609699,0.0131564943870226,0.166872907052559,0.0610901602899624,-0.00642045489859846,0.00981458350823147,-0.245550142230541,0.118798636018582,-0.205592783436152,0.0752957017375149,-0.365352447234012,0.0417823005294449,-0.404823469637377,-0.016446387219953,-0.243087475979392,-0.122413743062029,0.0178684716206406,-0.155434809374599,0.272431355126019,-0.115232336500772,0.370540650978844,-0.02039718758758
"154",0.367141539494169,0.112874612591305,0.251270891814862,0.0109790634939969,0.168096706416038,0.0509795478358304,0.0128692522736467,-0.000280331258520403,-0.250092479211903,0.131749247775359,-0.207025536588096,0.082659474344025,-0.369222176373854,0.0514124957995232,-0.401677246179701,-0.0202724490600106,-0.252551319045034,-0.127146207874995,0.0308443121322767,-0.161260024249685,0.285061754863163,-0.114811827549595,0.365284300404434,-0.0168836018472354
"155",0.385515510825601,0.122924575936063,0.248129059219763,0.0087675625308885,0.161350192192888,0.0522008217517335,0.00809715919947185,0.00439215458363133,-0.264634785303967,0.13412098054619,-0.20846585097814,0.0812073245465384,-0.373090843001683,0.0504282812262603,-0.395661909469253,-0.019569470530088,-0.229276396177984,-0.130007262823344,0.0320509033838011,-0.156738032167365,0.269436521672337,-0.126709194631298,0.366550438437165,-0.0210177409692111
"156",0.379903991330217,0.112314014064456,0.261617648424342,0.0108024092304153,0.183069486787439,0.0506698557683021,0.010187611212859,0.00179552993787517,-0.244116101492654,0.116181288813934,-0.205225148335649,0.0729359817882588,-0.368729863121115,0.0420010052256178,-0.405337041429972,-0.0193116697751384,-0.263777043624341,-0.115789101344087,0.022014535045692,-0.148745678726574,0.268450860195973,-0.108674847997483,0.361941065007208,-0.0141787869855763
"157",0.370545251373099,0.124974857814241,0.260281040572582,0.0182634370781003,0.175195090736582,0.0640878074598433,0.0093118630534144,0.00128413468139723,-0.245328690769721,0.134307016868568,-0.205144976443587,0.0837129455712188,-0.36421505627936,0.0497030598510637,-0.397605200035054,-0.0208497527354039,-0.254723375171583,-0.133944690014009,0.0259801432532168,-0.171669341288986,0.266827251727802,-0.129879226931661,0.358876657982608,-0.0199902483543733
"158",0.355705237269926,0.105783659042269,0.253843862786648,0.00580839023461129,0.16508814426447,0.0555593006239473,-0.00280902064138054,-0.00405673234556548,-0.27509058287143,0.130847959369533,-0.227498194239233,0.0812704166227446,-0.372571233940751,0.0573212317908347,-0.391007589515193,-0.0076113316453531,-0.229651998564721,-0.120937691060781,0.0607450589137856,-0.164034735354082,0.29658323513851,-0.115909879652315,0.366663081399371,-0.024040587625844
"159",0.364077159515448,0.109507039862809,0.258692325823749,0.0130335069851174,0.155811804259838,0.0600218893649225,0.0124859663344009,0.00298367786459452,-0.254813730049168,0.127917036872704,-0.209257297798006,0.0805233317647963,-0.369072477944867,0.0490095062924563,-0.398359815600113,-0.0169161468491177,-0.247087637152244,-0.12379689242556,0.0299968574591256,-0.160821851876426,0.285618399003261,-0.119106590439332,0.371908446148576,-0.0223545074169638
"160",0.424657495590284,0.106509939820121,0.266067725026182,0.0193815139486197,0.197326435373586,0.0541688276126046,0.0103240454294707,0.0024217546771003,-0.208951314950721,0.0948306410100804,-0.183529891679615,0.0578009240925037,-0.359004721031891,0.0258629395766852,-0.415991663166864,-0.029328011981118,-0.303587933018693,-0.110468155565284,-0.0266424238541103,-0.130069378038,0.23590901403297,-0.0874114759336007,0.363423232249403,-0.00369951921971207
"161",0.375445117225341,0.11745150791878,0.301219804477413,0.0666575854865049,0.193823836379039,0.0820788896541436,-0.00767227595430256,0.0324328988101108,-0.249678340726261,0.0613539484697848,-0.206759832591543,0.0432041003898607,-0.329926477404312,0.0427744525570191,-0.39734734038452,-0.0314071028403225,-0.265444890182142,-0.0632075776736847,-0.0563305174730177,-0.168659122615019,0.287979243485334,-0.122574689767412,0.354691673148971,-0.0601048903897642
"162",0.383668055317536,0.113204739250869,0.296426168487118,0.0505536220787596,0.185368350711579,0.0833172158704491,-0.0248885261757539,0.0215801175119773,-0.251952881313231,0.0690908819245575,-0.209936983083052,0.0425117895652724,-0.327420748533481,0.0570166490850816,-0.382707243712368,-0.0319992214270574,-0.251799991522026,-0.0837594048350619,-0.0839289756589378,-0.162321378314635,0.294043280241853,-0.117533475575313,0.373129495240763,-0.0416615351349002
"163",0.385038306351106,0.119247320717667,0.30140270771943,0.060945635480299,0.178148182919526,0.0862815713198562,-0.034253723800313,0.0266990003630089,-0.247705495353228,0.0562877700743253,-0.209250022084306,0.0346692996950569,-0.325112012439919,0.0515652993007708,-0.382078148915355,-0.0172380660625057,-0.267098311002108,-0.0724405987635012,-0.0615938584246805,-0.171464531765862,0.296176824472832,-0.119347564391468,0.366325550557016,-0.0552051359676486
"164",0.38017906653197,0.121908810230931,0.286263808213734,0.0508614755528563,0.178977879492051,0.0760040909612686,-0.011209969890339,0.0168145448928022,-0.243435609135545,0.0618112231849419,-0.187789483427893,0.0350001261789385,-0.330312795895107,0.0514987975394795,-0.408912978911342,-0.0221091819102917,-0.269492395108403,-0.0670189021732546,-0.0585589338379033,-0.166252941589147,0.298614174873053,-0.116416361834588,0.365677237095724,-0.0421016810339367
"165",0.381766376980765,0.114223580785844,0.292256847257405,0.0487489830909224,0.163762342527658,0.0847476639046733,-0.0242908862853069,0.0279547593917153,-0.239471044758436,0.0763025674887717,-0.206861562524428,0.0540211658345228,-0.304384938891073,0.0485819904452783,-0.390909661152997,-0.0434541538324439,-0.278243573688525,-0.0686447210920145,-0.0667635940224909,-0.18463810391628,0.280258806541318,-0.130924194323001,0.392880888016111,-0.026919537777988
"166",0.4004795349329,0.0877742627227577,0.307672986797941,0.0422810716141147,0.180657201469368,0.063116722893746,-0.0280952960301993,0.0193040271878647,-0.245453131676985,0.0455072585772132,-0.210470724459641,0.0300383711535568,-0.319508164568282,0.0328336016287405,-0.398349045806789,-0.0258324666530752,-0.284051301841514,-0.0536068659915876,-0.0770278779184813,-0.128709644342539,0.287412740768055,-0.0871331200843996,0.386733078333628,-0.0255732187063925
"167",0.384455466451081,0.0961657846877117,0.300983275327896,0.0522958112879194,0.171455738849308,0.082836015841376,-0.0290569277309659,0.0244485321553365,-0.252999560588168,0.0599433112650329,-0.214561041895604,0.0397747631657149,-0.324650118971587,0.0462393827135586,-0.391421812387993,-0.0248749730976247,-0.270957958536102,-0.0624989414478794,-0.0397552182689911,-0.160693826481522,0.294694218380593,-0.111221675990311,0.371813939370532,-0.0424141840993127
"168",0.387777858814191,0.114335515442316,0.297914577786609,0.0539558635562878,0.175019567145336,0.0883937124304103,-0.0437266924357649,0.0165727295301126,-0.251729829289344,0.0654369513291474,-0.217003126126657,0.0412814566265527,-0.31723772670584,0.0537764611779313,-0.379419186937886,-0.0224012206847619,-0.267072175636627,-0.0676040295544914,-0.0479238137982765,-0.178605787342797,0.294595568402942,-0.125247153801098,0.368804978781317,-0.0398944987096101
"169",0.35992165959607,0.0996086744210527,0.288286000669015,0.0449079007863841,0.164222602761728,0.0786753348805607,-0.0364144951593178,0.0254974108436412,-0.261931912976971,0.0654484027930423,-0.221546448193513,0.0444601397084587,-0.329668850538644,0.0518768350050011,-0.383915320591765,-0.0207393491338383,-0.260554873532467,-0.0598193096648939,-0.0231046280935861,-0.162073670512268,0.316780168517369,-0.121443366147143,0.387926097542081,-0.0463990029799982
"170",0.379763556331336,0.11081975944154,0.306851009428596,0.059542842447211,0.165718469768729,0.0831066376493158,-0.0306721421218394,0.0269582981830866,-0.24587582034674,0.0599665282787186,-0.199836498826973,0.0393127056847189,-0.340000282876845,0.047248449249047,-0.385871218129306,-0.0254510570317097,-0.261645205410139,-0.0647506536259642,-0.0545093504991448,-0.164132574489108,0.287531254891221,-0.124369858702934,0.378546227791105,-0.048251077083922
"171",0.381629992962334,0.112803917564648,0.2905801554732,0.046833512778252,0.182767728359659,0.0741757220114056,-0.0449678140861418,0.029918424183255,-0.252995444523637,0.0725255668822894,-0.21767921710308,0.0485155254401909,-0.318428229580904,0.0566067042737898,-0.376380940472394,-0.0317250061100049,-0.262044832772724,-0.0773679627366094,-0.0582285971330245,-0.175269629673524,0.299189519314595,-0.121596954046096,0.37655767956212,-0.0354198205675965
"172",0.384276971017081,0.0994643798996566,0.297525848332375,0.0506965373726192,0.179361530415088,0.0759611624752971,-0.0422455332099177,0.0287980629660534,-0.268818623804076,0.0608292256158303,-0.213736700909683,0.0356519511048674,-0.322823244918077,0.0468656988574805,-0.380196810212039,-0.0304865624223659,-0.257904902444384,-0.0467205787573479,-0.0540467286952222,-0.168300086548159,0.295192537732536,-0.114673191957067,0.383415656696321,-0.0380865986068638
"173",0.383248969139817,-0.0428814365593721,0.200509994364184,0.0585146547969981,0.00986965483467966,0.124664217395089,-0.095201443836335,0.0601795389703375,-0.324519070727825,0.0846711587389919,-0.265354704322644,0.0627621412698041,-0.376815013741662,0.069058658604962,-0.352120542174793,-0.00260989294517043,-0.18233114779328,-0.0561348049488966,0.158609299653141,-0.17281096407831,0.392591557330356,-0.0979376347853468,0.451512447274362,-0.0874756364590865
"174",0.380511016947881,0.107647980296786,0.304566305897112,0.061328441969043,0.182624195577493,0.0748593592738962,-0.0357759240213327,0.0116974530742143,-0.243643800068572,0.05910209127988,-0.198487332818904,0.027877254004627,-0.320930141474202,0.0529785623853739,-0.3951038522798,-0.0170540670828632,-0.272485072736621,-0.0687604482891453,-0.0739200919736455,-0.167946995928579,0.295772526147692,-0.104480813560646,0.376872170802898,-0.0372488174225864
"175",0.371476543842449,0.102306672712982,0.291143169252172,0.0526321865150463,0.176553649039702,0.0859171619769328,-0.0413962705853029,0.023998271158163,-0.231878363704872,0.0695367980623582,-0.195726159912298,0.0414109072040509,-0.333834829001472,0.0432719888452718,-0.381331604976178,-0.0256560061741931,-0.278988202755667,-0.0708117865980333,-0.0721371936895553,-0.170820898866622,0.309449109335895,-0.112725024629467,0.386670153155129,-0.0390602702064896
"176",0.390245714303621,0.123431148119722,0.292985726743708,0.0664500721149248,0.17995221439923,0.0824323196381092,-0.0412984404005797,0.0121879857301405,-0.236607185858214,0.0674898094928129,-0.212297117020365,0.03857640891829,-0.301919790620451,0.0564881373787129,-0.378232689804415,-0.0234845873013984,-0.280593417595446,-0.0745802466500616,-0.0831789696209017,-0.19156624713026,0.293542992478927,-0.121593171807323,0.377400962994885,-0.0358316285036693
"177",0.383980563263696,0.108548694894721,0.298775566740701,0.050383938902367,0.176193682903907,0.0812080733693588,-0.0329571614599418,0.0287310006404418,-0.247796430529889,0.0647405965021847,-0.211972675491707,0.0438597458588542,-0.317741309762027,0.0483840210110031,-0.386447916228219,-0.029970004192875,-0.271649966808478,-0.0681270828091051,-0.0571925549222924,-0.172148747720348,0.288004114348063,-0.116901777819062,0.378804087946186,-0.0387084586375404
"178",0.377130664457076,0.112056023833691,0.283599953486624,0.0411391287288072,0.1773255009872,0.0789601263216486,-0.0502250962682257,0.0198174513774112,-0.245941130502153,0.071958794368094,-0.20939839072805,0.04471683884353,-0.302311415481001,0.0521979838646013,-0.39903906285963,-0.0251780779489567,-0.27311234746922,-0.069256076772269,-0.0481582004023511,-0.177362555466318,0.314155205861457,-0.113504674303038,0.375974318918273,-0.0355449628472014
"179",0.352031800795566,0.0987911630403453,0.287310076428757,0.0455842301042041,0.180557699153045,0.0882597038364678,-0.0342720481021109,0.0294743833387829,-0.250650741808639,0.0657681764682455,-0.215442667452514,0.0445095442665366,-0.318031111405784,0.0502148442544342,-0.382279084915068,-0.0267048726826592,-0.270897468473162,-0.066038916989987,-0.0677269557127489,-0.169599301951305,0.334585798018403,-0.115277854119606,0.384814703474254,-0.0449810995654592
"180",0.386943843165667,0.108635581509751,0.293098491513239,0.0550334322260872,0.176796197388479,0.0861112455040998,-0.0228884329749245,0.0140613336330152,-0.263517781791487,0.0641919022630728,-0.22173096037598,0.0389082626901407,-0.332396776168498,0.0553068421928591,-0.369970581477455,-0.0189900520385486,-0.262438924981642,-0.0701763022345619,-0.0447234182467786,-0.169203208728435,0.286130346083246,-0.123834295444609,0.374697997866134,-0.0400447415728718
"181",0.394331806361847,0.1171062343559,0.306577580867482,0.0545781820320048,0.174237488661235,0.0800141491001811,-0.0623679704137354,0.0374505675662113,-0.241295396759329,0.0672723743675758,-0.21960585530654,0.0491359734956107,-0.300323732201667,0.0464139122129929,-0.367900012872643,-0.0377661053386982,-0.275446850286717,-0.0720980058890343,-0.0814895624102764,-0.179529111396265,0.287574621637124,-0.124277314265273,0.385707882723218,-0.0383008562412076
"182",0.388181420151278,0.125033784067323,0.289068030002886,0.0528010763267501,0.161753351780595,0.0927729279215069,-0.0343667570055697,0.0250732897794681,-0.246293587141737,0.0683772440012621,-0.210105391583661,0.0451681893003968,-0.315628457159451,0.0526413034179609,-0.382557768907331,-0.0289575475765937,-0.266763954500414,-0.0706625974624717,-0.0524978598563254,-0.179484817495408,0.288270040236715,-0.135293359969453,0.380940933983015,-0.0474694923107416
"183",0.401034857100061,0.12812972381568,0.309865508259902,0.0613471819553759,0.19525349435087,0.085068798552691,-0.0477737687942841,0.0290962814883714,-0.25230319404636,0.0692876889446374,-0.218079064257022,0.0468607509219449,-0.317216228222176,0.0514289412658556,-0.377566367308512,-0.0333524430611787,-0.264524719214888,-0.0738342599847231,-0.0383880618866965,-0.183297504626226,0.251598283421548,-0.137993519879889,0.358099260597556,-0.0427416393925384
"184",0.386677020185919,0.105340644199646,0.289657189935382,0.0566361530383824,0.176052354437593,0.0903536471001363,-0.0286727595133729,0.0354240664630788,-0.248658781215233,0.0737038764709742,-0.211502348135946,0.0466916298666349,-0.319122506998066,0.0589516280077913,-0.380449941135318,-0.0356383391256897,-0.266364627013221,-0.0940302464307345,-0.0660509563116338,-0.168243391153313,0.301427283126337,-0.11873595138989,0.367008072637559,-0.0504537170470167
"185",0.3673713240085,0.0877535621902076,0.301780063342682,0.0544690867258705,0.182644418355021,0.0908532688657892,-0.0630142954748479,0.0376609289720781,-0.247784861138246,0.0716843167582857,-0.216588874845262,0.049794132796392,-0.310818971170198,0.052950494512121,-0.373195202561809,-0.0321742835074087,-0.27012887665662,-0.0742290294679309,-0.0673270094953214,-0.190134358547703,0.323509373771346,-0.113001767169065,0.373552911864756,-0.0356263521286364
"186",0.392905790519628,0.113818674969307,0.30204619372334,0.0558092694466144,0.162502765914389,0.0869842523760833,-0.0340709314339334,0.0227500117302371,-0.246906353903627,0.0626686173895479,-0.211043901010075,0.0411250327369176,-0.316568129086112,0.0482086867744067,-0.385104307403039,-0.0272916151679306,-0.270506928432129,-0.0665154827381933,-0.0573620716408577,-0.168876046768438,0.292677283876242,-0.126578847720235,0.371430588876173,-0.0421025530283171
"187",0.402632080123846,0.103349368490189,0.301078297772517,0.0532391975927159,0.169459581749422,0.084278088354127,-0.0287066629033883,0.0251226706283692,-0.23984923873266,0.0569868379321564,-0.205646406478939,0.0375571154764408,-0.312791765230311,0.0415753286178661,-0.391549915440781,-0.0312391021764352,-0.279278181665113,-0.0664292728673268,-0.078635326323174,-0.159986097052381,0.279840124009764,-0.108882230421579,0.383447413118818,-0.0355719045741432
"188",0.373372897793626,0.114422117966905,0.284364724593412,0.0520762841012854,0.175656506755026,0.0775785421998485,-0.0384926525536869,0.0215140479690061,-0.225657849313927,0.061358665442396,-0.194851956139497,0.0403664878574039,-0.32400314693473,0.0555432488175797,-0.41033422318974,-0.0195453858285592,-0.274477851988849,-0.0691911195562428,-0.0431706121555878,-0.182037214705945,0.300191701141323,-0.117172453092376,0.37740246199263,-0.0349132211713013
