"","1.X","1.Y","2.X","2.Y","3.X","3.Y","4.X","4.Y","5.X","5.Y","6.X","6.Y","7.X","7.Y","8.X","8.Y","9.X","9.Y","10.X","10.Y","11.X","11.Y","12.X","12.Y","new_col"
"1",0.376013997550031,0.111807229836912,0.301396929519139,0.0623193977120079,0.194440090412271,0.0791809564866593,-0.00727012329567701,0.0325143078668284,-0.248117316595123,0.0645437538461814,-0.205543784190473,0.0458784662005939,-0.328220434071465,0.04729468484158,-0.396563346496876,-0.0257123585770418,-0.26562468352324,-0.059125967687392,-0.0587280346125228,-0.167400660737703,0.28540606249673,-0.126300566778009,0.352810642807207,-0.064999243010617,"cfor"
"2",0.383846416800917,0.107115559426024,0.296109901783071,0.0460685174717515,0.185869291209709,0.080354886597127,-0.0246030428392147,0.0218980992629359,-0.249987360137333,0.0723729579674735,-0.208488139864155,0.0452943874277237,-0.325132048899343,0.0616335717652108,-0.381542931652609,-0.0262668937258198,-0.25205014461944,-0.0796424233296632,-0.0862879878326287,-0.160451138400932,0.291167511099802,-0.121390430006094,0.371098534951224,-0.0469870944557367,"cfor"
"3",0.38498493934896,0.112561755823412,0.300968567234105,0.0559836479326995,0.178581193971851,0.0831302978836165,-0.0338385948971082,0.0271696936160583,-0.245567571490495,0.0596950029063273,-0.207623097381808,0.0376157626508766,-0.322433003627938,0.0564634129031936,-0.380237121923682,-0.0110435627765978,-0.26695102527139,-0.0676896897901826,-0.0642485348499469,-0.169649301512792,0.29277963436239,-0.123435535735264,0.363584614525061,-0.060801483901347,"cfor"
"4",0.381305482966045,0.115248895272383,0.286474521141115,0.0459948188592384,0.179796042473483,0.0728706164549947,-0.010975881125205,0.0169815311286913,-0.241816887403412,0.0656087259588839,-0.186696954797721,0.0379416760661847,-0.328523353504549,0.0569160491244769,-0.408249292741147,-0.0151875157523122,-0.270015061537411,-0.062223094834595,-0.0613566849667002,-0.164882208317597,0.295954366902658,-0.12113458529174,0.364103702592844,-0.0481349086686091,"cfor"
"5",0.381881246140813,0.107438591079972,0.291805388948228,0.0438134367998052,0.16429647978406,0.0817877042255414,-0.0238743593506828,0.028296621833278,-0.237100603050346,0.0797210080916168,-0.205002947464084,0.0570456494656943,-0.301873403893684,0.0533351797071778,-0.389685319969732,-0.036923895902911,-0.278204928540495,-0.063593550676374,-0.0697629417999826,-0.18279011728313,0.276758926837161,-0.134961551614301,0.390762462358745,-0.0331690757263696,"cfor"
"6",0.399494868675594,0.0813965182332635,0.306714280084497,0.0377511058978985,0.180444721381665,0.0602317888115868,-0.0279374837247413,0.0196526297640041,-0.243391850539504,0.048297472960082,-0.208807565254444,0.0325191676161334,-0.316788113715803,0.0370814133893055,-0.396205358181348,-0.0200128873372484,-0.283355773243905,-0.0488920514665612,-0.078888044582992,-0.126675553399255,0.284459039974942,-0.0905175158988026,0.38426127912604,-0.0308320885704072,"cfor"
"7",0.384383550911704,0.0899236573814953,0.300674745577545,0.0476186039131927,0.171973962515956,0.0799972816519207,-0.0286933562869735,0.0248288109604365,-0.251121893380431,0.0633500318839977,-0.213118980238772,0.0427183255599302,-0.322501601507251,0.0509298686088182,-0.390145106186363,-0.0188708512168527,-0.270885028118871,-0.0580170504206218,-0.0421252571873878,-0.159441288497208,0.291842853684207,-0.115186533200017,0.369716110216635,-0.0478508566250924,"cfor"
"8",0.387776298150779,0.107455848356347,0.297447145515933,0.0489185745477287,0.175567061980636,0.085221598612488,-0.0434558234106058,0.0172160043280113,-0.249465407194419,0.0690498799009834,-0.215294781031325,0.0444702140796123,-0.314583953820345,0.0587034001321629,-0.377762313020863,-0.0160816608786567,-0.266928602169898,-0.0627600337282796,-0.0507697480337021,-0.17701776461951,0.291107926983428,-0.129467923993283,0.366362196050382,-0.0457081367376027,"cfor"
"9",0.36015927327345,0.0939366899493247,0.288075009894878,0.0405638340693726,0.164779259909698,0.0760675751271054,-0.0360754147226398,0.0259972202701095,-0.260181659988409,0.0689453228385682,-0.220207836292339,0.0474616952175558,-0.327690291992498,0.0565684142860013,-0.382856799475786,-0.0149998098080384,-0.260624505977743,-0.0556316725494936,-0.0254856118607349,-0.16120976969359,0.314039283654665,-0.125721150648583,0.38606929357746,-0.0519783490583327,"cfor"
"10",0.379881373974028,0.10447288653033,0.30662319700605,0.0546512251567533,0.166235471048687,0.0802800343725032,-0.0302670748308351,0.0273740935515792,-0.243927349928845,0.0633356915070829,-0.198345650022409,0.0420927105200534,-0.337735635072555,0.0522946909315533,-0.384525878053926,-0.0193732112767498,-0.261584286073586,-0.0602801577204568,-0.0569988489887758,-0.162603736134833,0.284374966150363,-0.128314271996129,0.376269714791803,-0.0539299554416865,"cfor"
"11",0.381773458940397,0.106441783868562,0.290152743479714,0.0422031855200158,0.183142893050391,0.0710894779883094,-0.0445112580305093,0.0305523810665109,-0.250852631146646,0.0759993593930604,-0.216044684774449,0.051567264464513,-0.316027651240983,0.0613064310027966,-0.375135734642463,-0.0258063394989077,-0.262174696720237,-0.0729025695654832,-0.0608792813105294,-0.173682552780696,0.296077800347803,-0.125712104267915,0.374479042047514,-0.0410563171907658,"cfor"
"12",0.383493502352308,0.0934344293852651,0.296669605884159,0.0463272722049507,0.179377695129879,0.0730856018016817,-0.0418527815222944,0.0293092720991847,-0.266570176741344,0.0640101050391226,-0.212030752167096,0.0382280550274504,-0.320081618567962,0.0511007937036333,-0.378256550112504,-0.0250066989562768,-0.257109653780428,-0.0425322369630715,-0.0563356730183397,-0.166606161604708,0.291902611260297,-0.118127604601469,0.380793791283324,-0.0432228271357629,"cfor"
"13",0.382894595608842,-0.0492092414200899,0.202762968135462,0.0567180166323834,0.0109318608019686,0.125842261381733,-0.0969968688358047,0.0624065585707524,-0.323728259743113,0.0870068665538521,-0.264520135786181,0.0646365656985124,-0.372928923611807,0.0747396774662121,-0.350250954374303,0.00271156805212018,-0.184115502225305,-0.0511545055495747,0.153255326653784,-0.175635305359099,0.391468043422262,-0.103742514799826,0.451227849954195,-0.0943199472269755,"cfor"
"14",0.380248635114063,0.100536273382466,0.304107423322539,0.0559477106141046,0.182884958379312,0.0714043077686361,-0.0356012181341413,0.0122361069885837,-0.24129624563276,0.0626776807366099,-0.19685281237104,0.0308473977655931,-0.318003306730388,0.0581695423352736,-0.393100185780503,-0.0101738128123982,-0.272262318040367,-0.0635483838910148,-0.0767260596675968,-0.165784836828305,0.292371451904584,-0.108866351309907,0.374229677636298,-0.0434456347496426,"cfor"
"15",0.371300194230349,0.0955325092571265,0.290669623971287,0.0475940959721891,0.177078204175973,0.0826546182190236,-0.041014244413347,0.0246246470187734,-0.229509800412146,0.0728941223194353,-0.193989563563834,0.044311419737309,-0.331289468971575,0.0486053390387043,-0.379698453829867,-0.0191473922623232,-0.278915362626467,-0.0656359512024624,-0.0749414563795916,-0.168801852097979,0.306102813498659,-0.117309126202466,0.384207514320559,-0.0453224297973313,"cfor"
"16",0.389961574433633,0.115557293686831,0.292389003733989,0.0608889453214247,0.180224623918848,0.0787460312153623,-0.0411194709151292,0.012859544078196,-0.233761496729271,0.0710883983605819,-0.210191030498593,0.0419337981089149,-0.298432855739489,0.0616500188472383,-0.375881545607312,-0.0164166320770195,-0.280270903447873,-0.0687679763164015,-0.0866163218616994,-0.188957971464934,0.289370687767552,-0.126146170476384,0.374327734945346,-0.0424352792838109,"cfor"
"17",0.383898061764984,0.102083517575009,0.298280295288527,0.0455895218347519,0.176607064685816,0.0781795131280783,-0.0325079636849877,0.0291714108274126,-0.245663495165625,0.0681148164701162,-0.21031666452783,0.0468126160665595,-0.315319954662158,0.0530692436905526,-0.385005106549307,-0.023863425440001,-0.271525630602862,-0.0634653718123336,-0.0597872994003609,-0.170501656905897,0.284830962557141,-0.120808662950781,0.376509730296662,-0.0443815224834682,"cfor"
"18",0.37732810573248,0.105239618362599,0.28308556962218,0.0362421816205906,0.177835429680378,0.0757164546577278,-0.0499100419892785,0.0206010699535495,-0.243662064186419,0.075613565758016,-0.207719111040137,0.047891217633602,-0.299820002285339,0.0570355600227045,-0.397623286222842,-0.0183786779237416,-0.273154630993474,-0.0642289384226419,-0.0510855105715771,-0.175833591924401,0.310954117469097,-0.118239584853259,0.373771424784931,-0.0416588748847459,"cfor"
"19",0.351502481289432,0.0929967909495751,0.286563974322661,0.0411725595761777,0.180892569401233,0.0852754452853221,-0.0338762818832942,0.0299151088497158,-0.248407644672204,0.0689048702402752,-0.213681169284249,0.0472842058436851,-0.315349789106157,0.0546469197743599,-0.380484193946152,-0.020920291762935,-0.270554072388554,-0.0614864150274182,-0.0701958797305478,-0.167746296039426,0.331341650740176,-0.119595161908516,0.382248355257656,-0.0504477357808157,"cfor"
"20",0.387256821514434,0.10222684784149,0.292969666645215,0.0503669202035199,0.177468252003344,0.0831459588799833,-0.0226886918903176,0.0143693331942414,-0.261644130751582,0.067899713883252,-0.220366938279548,0.0420753393929756,-0.330214511643131,0.0602780489432441,-0.368767932337705,-0.0131595521040275,-0.262616865699174,-0.0657362895010902,-0.047313315231382,-0.167921563116624,0.28315214574739,-0.127839415653064,0.372765499922457,-0.0457053419639013,"cfor"
"21",0.393193634052137,0.110122474240692,0.305314028941599,0.0495795813712336,0.174044801802678,0.0768455715772589,-0.0618338212603446,0.0383168227987952,-0.238371718513527,0.0701760186342382,-0.217210403284659,0.051937091597866,-0.296746291292253,0.0506660613744192,-0.365252144315982,-0.0318698382347333,-0.274606499594805,-0.0670269982194829,-0.0842037448879173,-0.177001816393354,0.28337541044971,-0.127797848730683,0.382296747903364,-0.0439471200162495,"cfor"
"22",0.388483443667389,0.118182359615275,0.288680660770231,0.0479264575464823,0.162432124642341,0.0898449394991404,-0.0339689140411136,0.0255704495143923,-0.244065932734099,0.0719241136958132,-0.208405820141073,0.0482588492359326,-0.31310394737641,0.0575586207551793,-0.381138661933102,-0.0225953799491632,-0.266759506255134,-0.0658482743184543,-0.0553729127001919,-0.177879286789888,0.284719716521931,-0.139448574769318,0.378499749579232,-0.0534942740353908,"cfor"
"23",0.401479374799689,0.121486379245348,0.309747812550504,0.0564780333031002,0.195797491344607,0.0818533663927079,-0.0474159785207569,0.0297999219732468,-0.250271377670976,0.072677193955953,-0.216512242987357,0.0498547123468618,-0.314871023065969,0.0561052748842147,-0.376355059475488,-0.027437566821548,-0.264669077378753,-0.0692913190416608,-0.0412449755279197,-0.182063195396276,0.248308085994262,-0.14137792737918,0.35600696993816,-0.0480848734627676,"cfor"
"24",0.386842299165043,0.0989754262854271,0.289488440169351,0.0520640438532304,0.176736655608234,0.0874161828013174,-0.0281490853330464,0.0358124852875583,-0.246600628067926,0.0771153524736491,-0.209982243615134,0.0496470850669069,-0.316815988799262,0.0636535945030616,-0.379410520106401,-0.0296995623693369,-0.266845228662131,-0.0895467886008081,-0.0685959351499414,-0.166607544771107,0.298484626565998,-0.122905155065324,0.364847608225215,-0.0559251194645743,"cfor"
"25",0.366177653836864,0.0812427312327758,0.300798703239966,0.0495276139179145,0.18281892389379,0.0875842432646065,-0.0624665814236538,0.0385613848681539,-0.245024063713401,0.0748355164759165,-0.214386769727247,0.0526604770588007,-0.307497573444125,0.057469018067936,-0.370882304239475,-0.0261589832144256,-0.269588842109201,-0.0692967717311513,-0.0702503808435615,-0.18797840015473,0.319756768381195,-0.117256985573493,0.370544466148848,-0.0411898442123037,"cfor"
"26",0.392748734631923,0.106999419270173,0.301514245314538,0.0508275058655725,0.162944515153839,0.0840720004546374,-0.0337097868054978,0.0232155118309767,-0.24465342468376,0.0660693995024501,-0.20930347367102,0.0441057477860086,-0.313935427440749,0.0529736098580402,-0.383410580412519,-0.0210407343926096,-0.270251431599941,-0.0617094858956463,-0.0599693197065178,-0.1671184382996,0.289148987043501,-0.130609367362526,0.368876962176204,-0.0477851686174766,"cfor"
"27",0.401954491732862,0.0963474596741387,0.3002698084229,0.0483144433495441,0.169670601505989,0.0812481259845453,-0.0283458543190749,0.0254940024740812,-0.237489378483626,0.0601106387483831,-0.203786072850008,0.0403242195627446,-0.3099192057685,0.0461768568076164,-0.389525373530585,-0.0249365142449024,-0.278794735478296,-0.0614228428553849,-0.0810884524520435,-0.157767495277249,0.276361010238632,-0.112551064688716,0.380693160981749,-0.0413378295348006,"cfor"
"28",0.374250347825724,0.107144651489287,0.284448269006953,0.0467167609553043,0.176485312873112,0.0741381944094816,-0.0381256401527396,0.0221886084805525,-0.223737471053674,0.0651724974634547,-0.193421985268696,0.043710058722713,-0.321760560500376,0.0613671518726236,-0.40932262069649,-0.0118734219720093,-0.27493645628235,-0.0637671504785235,-0.0465233862687872,-0.18070741164086,0.297068387534907,-0.122332649083278,0.375575802982417,-0.0417572902187462,"cfor"
"29",0.369191425756132,0.124090138712101,0.262875255729217,0.0199587568624049,0.169012023114258,0.0641363359200343,0.0131589383330155,0.00431359691881335,-0.246796830317699,0.125056291336883,-0.201650117588647,0.0824688752456694,-0.371010311684773,0.0336622433299644,-0.405607246281221,-0.0380624360757589,-0.241285200099281,-0.11243072839735,0.0160911999669924,-0.171032752389883,0.279884314847859,-0.111005114181907,0.356136548224148,-0.0211552072809714,"cfor"
"30",0.362545187305035,0.115155794445693,0.262761880409671,0.0202187203379908,0.163479345828782,0.0645806831698619,0.00690193313737328,0.00287041948746124,-0.253444325021099,0.123220880355759,-0.208963199984987,0.080724240498913,-0.366100646401104,0.0366898851939806,-0.393209293107341,-0.0311723872721544,-0.244702177279135,-0.112915183677497,0.0147655174055764,-0.176734704338756,0.284515951749485,-0.111005749954965,0.371449825957743,-0.0116325982462881,"cfor"
"31",0.376026857570982,0.123860229315527,0.262403558299931,0.0246603670207,0.161784399778701,0.061377849816069,0.0149142049609439,0.0178986819346927,-0.23157144989839,0.125614483638925,-0.193705677677362,0.0820059439262742,-0.356889636300021,0.0325292144894243,-0.392948802961977,-0.0374918390357612,-0.270293323784044,-0.138438898933734,-0.015615160378223,-0.173074313387552,0.274350461314408,-0.117180973433327,0.371544569075051,-0.00176074535123704,"cfor"
"32",0.366010349764486,0.118536479075014,0.255494714731039,0.0182497413627027,0.181927951507239,0.0549386185853504,-0.000541529961164998,0.0101540072666911,-0.250640748242645,0.118844131527219,-0.206015866020862,0.07620785996894,-0.370357196753522,0.0380647643916748,-0.402068107668221,-0.0224621176967388,-0.2316374091321,-0.125737640302412,0.00593694165270104,-0.167054924978793,0.286174824077147,-0.110766131040939,0.365716076045904,-0.00897478815870954,"cfor"
"33",0.375439567452593,0.113658054008193,0.26843007537868,0.0157422923367358,0.170580393264563,0.0808254993046915,-0.0469764201651665,-0.0100192887642197,-0.259069472333582,0.127231649178309,-0.22523157043066,0.0750387560524795,-0.350927971269797,0.047888248779614,-0.384776879995344,-0.0225865247901307,-0.229145759800373,-0.133093147432276,0.0344100340840382,-0.162680077709477,0.271801248770261,-0.120092725999207,0.375466755044788,-0.0119127349647111,"cfor"
"34",0.350297842444818,0.125804633074429,0.251729217688656,0.0211024822495675,0.167048584129708,0.062997921630483,0.0173393036784945,0.00506180738463918,-0.246709650248652,0.135285305797803,-0.203212676231136,0.0849552358643624,-0.365031922770527,0.0462646798313052,-0.397013520348182,-0.0267880437452799,-0.251383400317429,-0.141427548354189,0.0258919810409407,-0.17972296879846,0.289432224104066,-0.121025900946395,0.361612016829241,-0.0125076039882643,"cfor"
"35",0.361050526070685,0.127478302439783,0.256248885806447,0.0225354816271508,0.182035894161129,0.0519436796746781,0.0181914748973558,0.0148420847582908,-0.245480455590869,0.125885113937378,-0.201259050022348,0.079575133392918,-0.372497967303094,0.0418841646096775,-0.409745962433832,-0.0213070588811804,-0.244832384956551,-0.142071135270733,0.0337036694519373,-0.169488142483351,0.271415806179119,-0.114366206257424,0.351169563740022,-0.0169114175471873,"dmicrops"
"36",0.368840395913856,0.124509908678303,0.252385776196626,0.0140026811766526,0.174881756145884,0.0602254086569672,-0.00279199542096284,-0.000622452571131807,-0.257285961569697,0.129354274188669,-0.215313835406091,0.0779541509412623,-0.368230694132333,0.0490020231669758,-0.40097245053955,-0.0203231216046455,-0.236788306952727,-0.139237882463276,0.058948816766195,-0.157794698270067,0.27255738157007,-0.118056747476925,0.35376911742873,-0.0190135444227846,"dmicrops"
"37",0.364062277235598,0.125044478503005,0.248774575580738,0.0148675010049851,0.178335097761485,0.0576862791404748,0.00131891712354521,-0.00689829530060909,-0.237953878255823,0.125519020199594,-0.21816577095491,0.0782574700335671,-0.375623690791075,0.0400108334673883,-0.394948009967544,-0.0142211683743697,-0.243709220580987,-0.131416017783381,0.0357892713005197,-0.170271589162017,0.272967187510984,-0.113533328100792,0.369153244037469,-0.00504518362784641,"dmicrops"
"38",0.361246197428026,0.12011349560713,0.253575157210511,0.0122938249814453,0.158135383005676,0.068408479096797,0.00947266016242366,-9.85320735568127e-05,-0.25880671246029,0.128814729193853,-0.201741425649982,0.0787578818366811,-0.365826200951887,0.0489324799194516,-0.397779685579651,-0.0277552773862866,-0.248527293998183,-0.1286312058123,0.041571881059773,-0.171384666393398,0.28585360948694,-0.114563904639355,0.362826430286642,-0.0148873043304621,"dmicrops"
"39",0.365713509286409,0.120623080098117,0.25358829530491,0.014731048036843,0.165779504970399,0.0625880542316707,0.00960134331345851,0.00712433925595056,-0.255316774609457,0.131468827970635,-0.208659228356047,0.0823542979660064,-0.374165102072388,0.0393330768348712,-0.400991831304896,-0.0321170791784893,-0.239750907655709,-0.131797756961188,0.0444381541138881,-0.147875089947994,0.284296315793193,-0.118654123681955,0.35546672121624,-0.0277786746244667,"dmicrops"
"40",0.356622228732005,0.12091128787777,0.252434470383247,0.0181358192913225,0.190709280521406,0.0495854385807349,0.0171406125097251,0.00608998477939188,-0.246486892023659,0.127048404752457,-0.192708051569739,0.0761625535179503,-0.372395938090882,0.0433369727584454,-0.406385967613759,-0.0260091330891485,-0.255694686137202,-0.135206856950055,0.0188676495712189,-0.169405451103862,0.282219090685731,-0.107188384083398,0.355678203031909,-0.00346063633160858,"dmicrops"
"41",0.365900319430353,0.118124186326879,0.256705210926947,0.0210217334983,0.165819692920591,0.0588824494860829,0.015382873290834,0.00935508096335077,-0.275942938424985,0.120773948233362,-0.22188039270446,0.0763310929082345,-0.361635200348031,0.0486209282558758,-0.39162762131163,-0.0187401553105344,-0.23681986583464,-0.128245079381803,0.0485316288299342,-0.165863287102108,0.274752472308206,-0.12505732823963,0.360813820916881,-0.0152035696380094,"dmicrops"
"42",0.36638618191412,0.122480686579197,0.246258856634812,0.0104379251341427,0.158486854464491,0.0692632896785865,-0.0107314923525623,0.00793287933856078,-0.233266596964573,0.164903597733693,-0.199635752252871,0.108365798141025,-0.352651756106825,0.042608205253388,-0.405906981027406,-0.0754751780869116,-0.250828489584928,-0.146697846323926,0.0380588660817111,-0.156950910658132,0.281530393638786,-0.122551081537717,0.362299915555245,-0.0243173652519056,"dmicrops"
"43",0.369766531942454,0.126018228242016,0.252136126480231,0.0132308565531148,0.180651054748668,0.0586846596610062,0.00856470372266181,0.0142183091994036,-0.258661549824529,0.134222886460781,-0.213842720610214,0.0871535993056209,-0.365975629119339,0.0395953934087367,-0.378366709954447,-0.035831161138792,-0.244487460315321,-0.138325587484351,0.0109035023210145,-0.168359188454016,0.272595877904176,-0.11900023281919,0.366716272704644,-0.0116077629343306,"dmicrops"
"44",0.391116376173532,0.13409229064624,0.257737919971729,0.021915862424727,0.17998238864275,0.0566557791648274,0.00367111948820184,0.00131912549972119,-0.242915647703002,0.124767443728932,-0.201558069820935,0.0782263672920992,-0.365389575402255,0.0390641304549791,-0.39532881679404,-0.0295738811421334,-0.243008141080132,-0.132622938622997,0.00160397399022751,-0.176990812355057,0.253617656916469,-0.114159550010564,0.360470815617453,-0.00269381708077521,"dmicrops"
"45",0.379856040473923,0.122655544564966,0.257782401677128,0.0183251915660341,0.170073707777881,0.0620762971164337,-0.00241159807304644,0.000388162438418875,-0.246176354783273,0.122868030451752,-0.208704237833002,0.0754693310217339,-0.361567434047287,0.0407487390267062,-0.398155863460652,-0.0282325702535027,-0.254933902389961,-0.13047062314794,0.0327014827087371,-0.157016217965968,0.268279376136287,-0.114086917615927,0.363256381813265,-0.0127249672027063,"dmicrops"
"46",0.380763123872847,0.123409111688706,0.256522204180843,0.0174207069095265,0.168065444229358,0.0610512314382222,-0.00383632311560459,-0.000425006680616056,-0.246596225143205,0.127214624500891,-0.209126867175802,0.0780233958913897,-0.35918331058503,0.04222533481876,-0.391445185926188,-0.0316600917490521,-0.255361698698439,-0.135191010459018,0.0212498614792328,-0.158586939701511,0.27212721509861,-0.112002595301727,0.366821761783376,-0.0114787613555696,"dmicrops"
"47",0.358648854219711,0.119450103255467,0.245547202223954,0.0167074704412114,0.185614300373333,0.04730362788776,0.0120799948606255,0.00356311592278774,-0.255678818643848,0.124743403776712,-0.212136865263773,0.079102606272508,-0.372489855477212,0.0447750515681818,-0.401491848089372,-0.021541440789896,-0.247229919023582,-0.126272530852213,0.0475011982847886,-0.166094776865554,0.286584149494525,-0.113173786755067,0.353051607040851,-0.00856284386189824,"dmicrops"
"48",0.383167936974575,0.116061319094721,0.256691259720307,0.0172735037659003,0.16553197872372,0.0636821056099018,-0.00657369864212962,0.00967594669301302,-0.247026886459868,0.114621827662013,-0.20641991633387,0.0718176451821492,-0.365354305126106,0.0357342331478285,-0.403775086746593,-0.0229905236057572,-0.240611220545685,-0.126199516754931,0.0204444280739545,-0.154833499665961,0.273746334662837,-0.110569986221336,0.370179175698858,-0.0142730549075424,"dmicrops"
"49",0.363964477122715,0.118533586352518,0.250136881065007,0.0149879834644637,0.166627546722758,0.0535213961779031,0.0128794727988476,-0.000121300143666296,-0.25141824659964,0.127287621199021,-0.207656193076839,0.0790061824856066,-0.368820404067287,0.0451555696775274,-0.39991827606781,-0.0267948858028826,-0.249573448721952,-0.130969486333044,0.0335570604091199,-0.160180580014458,0.285929043972617,-0.109705127817405,0.364292086442464,-0.0107209592455845,"pman"
"50",0.382093298709491,0.128345425368868,0.246870460114831,0.0123833543040517,0.159814026207464,0.0543882099491183,0.00804075348730662,0.00444633953562401,-0.265690736446807,0.129703486040768,-0.208845083094048,0.0777528667225007,-0.372400425889347,0.0445375785992209,-0.393690691535404,-0.025484395747572,-0.226261791298953,-0.133119195613868,0.0345257567866267,-0.155581134637627,0.270161597117105,-0.122122691748525,0.365382835841734,-0.0152498427725581,"pman"
"51",0.377305673755113,0.118209149180484,0.26086691064017,0.0149308643426204,0.181872686125426,0.0534828091013279,0.0101652148579066,0.00192236608644399,-0.245489350051423,0.11206078744816,-0.205964146685543,0.0694907560897948,-0.368667378276787,0.0359531416364166,-0.404172738964223,-0.0257870542576724,-0.261382189047102,-0.119857133005511,0.0244659024778364,-0.148053154186518,0.269585732183391,-0.104105257702615,0.361413682985235,-0.00824727473293065,"pman"
"52",0.367172579396623,0.130832753820128,0.259053143666317,0.0225144074238222,0.173508565953132,0.0668143906325205,0.00929650091142529,0.00138850361423744,-0.246776345855098,0.129853205408882,-0.205849598500374,0.0800288956367291,-0.363850181342398,0.0434081570554324,-0.395882329481714,-0.0274468486216626,-0.251618467979712,-0.137906784950718,0.0289267081232925,-0.170681072986864,0.268028464181746,-0.124994207572889,0.35799096092676,-0.0138113994596176,"pman"
"53",0.352471821209251,0.110578065203668,0.252525382276425,0.00936232427947407,0.16345706240456,0.0577054121007354,-0.0027256909434349,-0.00418949602655415,-0.275979079550149,0.126400467796292,-0.227776234152646,0.0776142853874165,-0.371868726551561,0.0515702450394512,-0.389087768396948,-0.0132815627682124,-0.226744862513129,-0.123978697906807,0.0633271979764514,-0.16241339604324,0.296978158738799,-0.110995093425554,0.365422739502381,-0.0183725536366689,"pman"
"54",0.361188259759824,0.115048625733941,0.257665588653962,0.0170899021915943,0.154307142911623,0.0623377668777712,0.0124437689569438,0.0031371058065686,-0.256157722162604,0.123523151004628,-0.209932198222636,0.0769442618806933,-0.368800756268777,0.0429080877629027,-0.396871794394722,-0.023259555423076,-0.244338768564531,-0.127501164389326,0.0326470081170219,-0.159851626002294,0.286663260590734,-0.114149839585934,0.371186210623161,-0.0162267158574685,"pman"
"55",0.423079534890999,0.114469077672855,0.265873828895982,0.0240991990623217,0.196465929489809,0.0577983019513654,0.010335888002759,0.00252915542768942,-0.211026114661438,0.0913905264832585,-0.184805694492989,0.0546242520389518,-0.359956679207482,0.019311804825146,-0.415834379415814,-0.0369474048565053,-0.30180899547251,-0.116413353898933,-0.0239152516452287,-0.130753057212405,0.237693469301013,-0.0832299589487574,0.3638984643149,0.00312145745501269,"pman"
"56",0.356470570132918,0.124182915479294,0.277050199059834,0.0591549010465234,0.198409353618227,0.0643706389507283,0.0138391531607085,0.0177300481285259,-0.232964609813498,0.101111432367894,-0.214554716795007,0.0765108396885534,-0.370269775961511,0.0328384307185996,-0.42002908126536,-0.0503434168285822,-0.222900953152804,-0.0752641773170045,-0.0103977519465859,-0.17271587510827,0.275863630681093,-0.123655375790699,0.349483982281986,-0.053920361335564,"pman"
"57",0.359798332242216,0.114999585624461,0.280250007327494,0.0562788676824844,0.186733928508129,0.0654772994187381,-0.00434238281215989,0.0126054303933658,-0.255336566548737,0.102924075986883,-0.211344034036441,0.0738612022540231,-0.361083378130873,0.0419933659311844,-0.408206087730819,-0.0479402421337051,-0.22319685641903,-0.0840208987558248,-0.00489113801170445,-0.163130222037988,0.283478864381739,-0.125406993101606,0.358139311230188,-0.0476414712620153,"pman"
"58",0.351823278055987,0.117411357196652,0.284522426735102,0.0609687581133489,0.190895593782715,0.0623501450072224,0.0042610906590144,0.00840101566596594,-0.243841202545395,0.086818105568974,-0.217368457913383,0.0553361065147042,-0.358924401950848,0.0483218047167743,-0.414088746694524,-0.0255546591203585,-0.243234599916605,-0.0810553303542897,0.00501823251587458,-0.16791010842773,0.289327641678976,-0.122085395383923,0.351609145593085,-0.0430017994973397,"pman"
"59",0.363403867398898,0.126196963956991,0.266539708154077,0.057386677231679,0.201221630786026,0.0607145305333572,0.00449855660611828,0.0130520490112165,-0.254171602195051,0.0842649653864763,-0.215810202161173,0.0715525521733527,-0.364128424012791,0.0427730950938306,-0.412807351653637,-0.030934606002407,-0.226498399011297,-0.0879602533591973,0.002517027035923,-0.156160651295143,0.290647328063767,-0.121742397905544,0.344587860989139,-0.0591429248246113,"pman"
"60",0.358533432445422,0.121152364818736,0.274768706494848,0.0568251416400369,0.194922038440921,0.0620672418942481,0.00441381648579249,0.0109491949635933,-0.248706031077821,0.100158963722265,-0.216347447134493,0.0750189573065967,-0.360107531178221,0.0451178707780276,-0.407091962647637,-0.0385379947659372,-0.229210658239008,-0.0897951605736387,-0.0095895749743891,-0.177470540282944,0.297067891045973,-0.118260516143534,0.341347320338613,-0.0472255233574504,"pman"
"61",0.357707164644785,0.113397477254841,0.284108293013338,0.0617058368699313,0.198654289409835,0.0673959147371294,-0.00160296058925157,0.00833895030127326,-0.251574116805905,0.0957794091075088,-0.219717186452532,0.0710418189225898,-0.359739432599894,0.0435570032084834,-0.405929543037745,-0.0385280494108328,-0.229279374115787,-0.087067729008152,-0.00722679597635212,-0.166600523008808,0.291499086323654,-0.119954046721076,0.343100576185855,-0.0490660622528884,"pman"
"62",0.356251334021363,0.118474910849555,0.282685806427101,0.0593619530960817,0.190764619126289,0.061897603376791,-0.00412451208220106,0.0112993731328297,-0.249106222888947,0.0975156132684233,-0.217043424577534,0.0729210588126954,-0.358807235578707,0.0435513703785462,-0.409875351569887,-0.0388912430642356,-0.225678394431665,-0.0875173205088074,-0.00854924080240514,-0.168546227812967,0.298144250092811,-0.114257801204395,0.345338372263782,-0.0558092903245163,"pman"
"63",0.361650863573916,0.126637308991874,0.276017610446092,0.0594999366955214,0.206561414749898,0.0580445578814986,0.0120515885609498,0.00380222457433187,-0.271530137196677,0.103882846500821,-0.222089635710223,0.0737006806900239,-0.363643656766897,0.0482096138278819,-0.400386577434128,-0.0466451023664314,-0.218980921880418,-0.0832389687122744,0.00359117232816031,-0.164802579606374,0.279107994335155,-0.125871589809404,0.337650284994172,-0.0532189286674679,"pman"
"64",0.371643963532582,0.133182545266374,0.274761387988482,0.0577402859880059,0.200145606306837,0.0605513904168489,-0.0139142484805329,-0.00499774955724594,-0.246375841941982,0.0929922876110049,-0.218749245243798,0.069390473017968,-0.361330220275326,0.0537476488853209,-0.396156439791416,-0.0404141287451968,-0.227041921486258,-0.0894289132174564,-0.0198107943188257,-0.163221398241809,0.288397247803316,-0.122297944117743,0.34843050590692,-0.0472444973060708,"pman"
"65",0.359923004170542,0.112541393029368,0.273773573268978,0.0559031856811362,0.193500409565838,0.0615671198591763,-0.00154008758183115,0.00720270750475065,-0.252601738413802,0.095564749529087,-0.220110765227316,0.0711716480329944,-0.361029286825089,0.0444895821840585,-0.406628447514495,-0.0363424260254261,-0.227294467147888,-0.0844088817234531,-0.00508225458303368,-0.166478060089168,0.296006178152935,-0.117812269569788,0.351083882135161,-0.0433987484127356,"pman"
"66",0.363634309712842,0.118150712482256,0.276817219344744,0.0517209421855811,0.192554838679746,0.0562841819951781,-0.0019197227023809,0.00685048039568382,-0.251353187216916,0.0955712036509913,-0.219290430167422,0.0714330653131467,-0.360269570680874,0.0439380904836181,-0.40693237848157,-0.0371743787179452,-0.228658877924413,-0.0836045286060753,-0.0074818467657477,-0.165959501918658,0.296088106869119,-0.117827730792011,0.346811539332872,-0.0393825364717658,"pman"
"67",0.364576507577437,0.125717853283882,0.268186305498957,0.0525433525473565,0.201341527114068,0.0622248020041649,-0.0161477655244717,0.00845906335525956,-0.259058843479473,0.0875924806565961,-0.216174110108968,0.0681844818933513,-0.347138201377726,0.0503841005531668,-0.405647321249525,-0.0316059943479215,-0.237826395085489,-0.0920589833242564,-0.000123551356772986,-0.159743710173534,0.301453946322863,-0.116392953344127,0.3465579016691,-0.0553044931039377,"pman"
"68",0.359883865702741,0.121305721835129,0.275792501070183,0.0539067422490055,0.196847401222285,0.0621884055532632,0.00167376093398296,-0.00273368515119677,-0.252073464812128,0.0929249509039184,-0.228150670528436,0.0660727250681453,-0.350571142690211,0.0441953774266328,-0.40376730061338,-0.0292410705512596,-0.239939447744096,-0.0843381470000407,-0.00550020782723193,-0.162410920649695,0.293510580082216,-0.119553023287934,0.352294125204076,-0.0423170763959677,"pman"
"69",0.357105298700107,0.120766182978488,0.276052701276752,0.0547761003308575,0.197318305358429,0.0598189363839788,0.00373915345488181,-0.00881555030205175,-0.256169060985086,0.0939443649518018,-0.225160966819489,0.0669101457958511,-0.352784882855308,0.0455024147141121,-0.407899641942178,-0.0290363524756028,-0.232103644264661,-0.084065426781612,-0.013669666640466,-0.160745733435656,0.314722956330814,-0.0992602731515316,0.338849448386205,-0.0597948090086358,"pman"
"70",0.3602471045992,0.124687847376101,0.27378397181596,0.0546844170280297,0.195849097396617,0.0596503219173943,0.00586296599988926,0.00845242417322483,-0.240854701649573,0.0892568928089198,-0.216763556275243,0.0669178462708294,-0.360130778017751,0.0483751220377503,-0.414847834548292,-0.0336405341222189,-0.223996432358877,-0.0935098488583064,-0.0261315383315491,-0.163377930386218,0.291900092800879,-0.114298600188102,0.355081608568741,-0.0471979580574041,"pman"
"71",0.364960562392106,0.129280845474357,0.268237443559069,0.0546716663692853,0.209728180467709,0.0644556260220669,-0.0210592623874995,0.00732899465463609,-0.254322570898503,0.096423108478041,-0.218330579588912,0.0713490749431441,-0.360033307274503,0.0438809577259898,-0.401368895472793,-0.0386850361434423,-0.221342787963525,-0.0845494187491933,-0.00152240219642672,-0.163724661875799,0.284439158703297,-0.133199582225301,0.35061446065998,-0.047231574673785,"pman"
"72",0.360679377792392,0.118038100040324,0.276909931330688,0.0588706864538979,0.194285096848707,0.061767475294305,4.97784369502229e-05,0.00952379067039474,-0.230377734209462,0.101662476299218,-0.212862861776165,0.0736542938806466,-0.372504944320983,0.0284281249516698,-0.401627080178098,-0.0457550913013995,-0.246029330107706,-0.0726985765097049,-0.0115129060324115,-0.165182329796904,0.292216102632333,-0.121437874490893,0.350774569583754,-0.0468710754915544,"pman"
"73",0.358187101124292,0.119181322742146,0.291317583198533,0.0599260911017377,0.194859276221944,0.0568687125779318,-0.0128224145597032,-0.00499923711608078,-0.257968045550853,0.0913311496613193,-0.226094352397249,0.0664372981354299,-0.35880600847391,0.0470037545116783,-0.398602123695938,-0.0285768951887661,-0.225082648853398,-0.0801394107293174,-0.00693974126663423,-0.166812095507612,0.298094026893737,-0.115882064623173,0.34385734735918,-0.0443386255652939,"pman"
"74",0.360502207247813,0.120789022618709,0.269543882603914,0.0597315838586427,0.211835833403829,0.0696754571012165,-0.00386749432444966,0.0140151376987347,-0.249448811420713,0.0856884421074584,-0.217192050442702,0.0641890468105453,-0.361851569921671,0.0367600203323255,-0.410655358691988,-0.0241672366617971,-0.224361237846647,-0.0819204285260847,-0.0101046769478634,-0.173230995618043,0.287254372146919,-0.117773480387302,0.348344904193558,-0.0537565693344049,"pman"
"75",0.355613823176391,0.120193320129107,0.275924664259268,0.056402594069841,0.19621740224636,0.0605569196865405,-0.0137801442186881,0.00698970675868036,-0.252272276449937,0.0981148928316458,-0.219136305333308,0.0734726472763554,-0.355770381437849,0.0453724456935227,-0.398347717608754,-0.0377077700974204,-0.225424796758359,-0.0862989614487789,-0.0230349543495874,-0.171844481256107,0.311860656831749,-0.116708707040254,0.348150029642714,-0.0485426066031323,"pman"
"76",0.36441962976877,0.128460462381341,0.270552353502044,0.049376713511894,0.199558578756474,0.060926427452088,-0.0163423041849056,-0.00763510964053953,-0.245003479864063,0.0905307755869716,-0.21484585235412,0.0618530155342031,-0.353740242233811,0.0422613042143369,-0.413712784293556,-0.0239126185447117,-0.229312306293456,-0.0834357566342367,-0.0157599367149181,-0.16135791302174,0.299947259753244,-0.109660375617986,0.354239084158295,-0.0474069252216204,"pman"
"77",0.356037059742511,0.114971485147679,0.292567658937956,0.0619524307873193,0.214320158713124,0.0679119379577283,-0.00229503844947607,0.00846704201974588,-0.255421171175005,0.0867389361517623,-0.224658164174922,0.0644394777292753,-0.358921884492134,0.0379954037410009,-0.395288767238022,-0.0312531684849632,-0.236948951202444,-0.0810877096059483,-0.020212726782683,-0.164883019169391,0.291209649503113,-0.116199387690989,0.339612176617982,-0.0490534285832194,"pman"
"78",0.354399390376443,0.120777972676615,0.275619421465617,0.0642109362577894,0.182750677451441,0.0663328630223124,1.79786810926698e-05,0.00678232679088272,-0.24981143854429,0.103053080752101,-0.217194867465569,0.0766087772295502,-0.357401058644775,0.0486430687695865,-0.402801290187383,-0.0382483145250168,-0.225407897048697,-0.091124365151185,-0.00940383343157808,-0.180973932304525,0.299041328305339,-0.128837306233277,0.350191589042359,-0.0472251072848326,"pman"
"79",0.357806281827851,0.123874306560436,0.262210576971743,0.0564368418645296,0.187715768606583,0.0608938328206425,0.000993283349489209,0.00585380700966564,-0.252512907937399,0.101638867835698,-0.219365391108172,0.0757243316102909,-0.360886741429466,0.0484478064289962,-0.405366491001474,-0.0364632900658516,-0.223838819674279,-0.0872918804540069,0.00104131389087821,-0.174300454235637,0.303108960099625,-0.127064155286855,0.349094166404621,-0.0477500140879078,"pman"
"80",0.358683587628829,0.120038029064548,0.279595381002142,0.0551913018896537,0.197267305443777,0.0713719647836087,-0.0013518705992636,0.0101880235462276,-0.256620237491405,0.0941350766356597,-0.223763561114527,0.0704883534898579,-0.36124518166899,0.0405994057303046,-0.397351447477095,-0.0375116692719408,-0.227484510981396,-0.082636887801379,-0.0108846859581077,-0.162634059198349,0.301016308957431,-0.120854844974696,0.342138912258606,-0.0583746938934954,"pman"
"81",0.357921296124647,0.122452236692483,0.279662408486558,0.0578216197933873,0.189563333837558,0.0705727745511767,-0.00201161971798128,0.0129831838400226,-0.250410214557638,0.0974249692208288,-0.217794910994336,0.0736097530721941,-0.359311644253158,0.0402917870986932,-0.405792071517235,-0.0426540705344879,-0.225257720942926,-0.084289951602787,-0.0105737313861477,-0.164034709276352,0.296028634964163,-0.122607537618033,0.347976239956494,-0.0615700552371256,"pman"
"82",0.37263710012435,0.110804929458517,0.261520952380577,0.0230916121746546,0.175750306081074,0.0626456518000183,0.0186399837872052,0.0147208578448701,-0.206307119796562,0.111498501786686,-0.192739845400897,0.0867932971089414,-0.380202574313951,0.0417401040047823,-0.424439961450111,-0.0315987545064848,-0.254816145589878,-0.123876362038027,-0.00544505864368007,-0.149530872236852,0.291174808314127,-0.100280647177305,0.344227554507747,-0.0460083182198014,"pman"
"83",0.375549010863956,0.0943425567002004,0.259679604164537,0.0190322805646029,0.172411470882944,0.0691717377524041,0.0126601145013733,0.0266915749313923,-0.2102448188474,0.0999318583753878,-0.195719835373909,0.0880918175092509,-0.377327423510973,0.0420912163388941,-0.42697156452525,-0.0433381016997839,-0.250621835495501,-0.113778232894576,-0.010414302818478,-0.134952233438628,0.300558514023724,-0.0992261632413438,0.350441066134976,-0.0480583108978016,"pman"
"84",0.381110382143204,0.113852178057498,0.24534569192459,0.0160155414744028,0.162180474947364,0.0619767368695201,0.0259892884299663,0.018390428726879,-0.218591789606225,0.131071252343303,-0.192504448387935,0.100834653808477,-0.37595577496784,0.0466406384129702,-0.427264650625883,-0.0445168361188986,-0.242688306929812,-0.137974552073829,0.0161630115002765,-0.145755402943933,0.279498269790963,-0.109501154795081,0.346717851781331,-0.0510334837613091,"pman"
"85",0.364317877193381,0.0951643752890901,0.268658307518393,0.0209748928339123,0.187737990455553,0.0609897369258022,0.0319317963249837,0.0208750151436901,-0.212579473391789,0.108225654695678,-0.190470787790772,0.0827414170278131,-0.372933876969768,0.0358617169102298,-0.428039986140523,-0.0341087637928532,-0.2700715225399,-0.123815257199871,-0.0160764950362728,-0.136881945371373,0.295149350585914,-0.091708828016538,0.342376819790798,-0.0383180144455804,"pman"
"86",0.37166793119017,0.0944707647852401,0.252140077566847,0.0150989738183731,0.171224532031748,0.0629023388154363,0.0289833395730886,0.0200829840842357,-0.242026469088517,0.122753650952522,-0.203832149206868,0.0925192848511673,-0.384302358614141,0.0392679378265732,-0.416491322785012,-0.0238457131602964,-0.234938054593808,-0.137607431439252,0.0159348600846012,-0.13375038708311,0.310380736818223,-0.0925518302741041,0.331258877023668,-0.0593405731767837,"pman"
"87",0.360833045420152,0.0930782874811932,0.256231725332057,0.0192374824639619,0.15974822033048,0.0699038951658047,0.0385286481516507,0.0202030922944508,-0.21253506746775,0.12530509486902,-0.185647088030992,0.0991503063528992,-0.378751590290317,0.0345894479288482,-0.435070176286301,-0.0492349978577513,-0.241641035116073,-0.11565116642544,-0.0187744648649547,-0.151677273978542,0.310035104420801,-0.095458094267304,0.347042678401247,-0.0494460740271416,"pman"
"88",0.365466859102405,0.0908653259502796,0.258637491266866,0.0195330657334638,0.178159094803642,0.0718118522519657,0.0329482669315413,0.0195506708940095,-0.222480113731889,0.115204446111997,-0.204552286872968,0.085565353153766,-0.351820964914024,0.0462463260739484,-0.425683737979472,-0.0376090966064296,-0.273722962862875,-0.131789535791193,-0.0048020156869906,-0.144202411354254,0.306473423969749,-0.0880287728463373,0.341376945974016,-0.0471472235712165,"pman"
"89",0.393778031819856,0.104169316477263,0.251683362648996,0.0171463470062575,0.177583551565511,0.0620139040251808,0.00758686405258517,0.0180733796053385,-0.226895982667171,0.111419485123144,-0.208394863717015,0.0811463776079269,-0.364497397365146,0.0427536330896563,-0.407747169164544,-0.0278785666903943,-0.24936729027001,-0.126071468072438,-0.020108915948115,-0.14607945752863,0.29438499316146,-0.0959281521872826,0.351994815883593,-0.0407647984560223,"pman"
"90",0.376256701907057,0.0986800940501015,0.261527120998225,0.0150144174322339,0.175291987901,0.061463184266552,0.0319314322965754,0.0187079350434178,-0.222972630201361,0.103053907474259,-0.198945619919174,0.0838591935775646,-0.375073273479935,0.0348638008542861,-0.429687314800594,-0.0220252113378224,-0.253285225123172,-0.123890137008487,-0.000705180233222072,-0.132693065979931,0.298787581872289,-0.0982509983842094,0.336874418782312,-0.0387831199879658,"pman"
"91",0.378736297398961,0.0996068652344527,0.257404487127724,0.0207132217369622,0.174161972464245,0.0569925682475567,0.0203683075177926,0.0249629032083508,-0.215501823577277,0.115205652553234,-0.189607854226352,0.0882338484494562,-0.373659708452332,0.0402591847480588,-0.429261343019423,-0.0359053437278009,-0.247875864982762,-0.132882261426563,-0.0137491725191324,-0.137656713709031,0.289267568233305,-0.0984983811339896,0.349717134035252,-0.041031544180686,"plong"
"92",0.370010281626858,0.103124022825132,0.247791834173936,0.021275780032217,0.168505733922148,0.0593823813118097,0.0357707218568697,0.022037980744389,-0.220134817687864,0.105737789097421,-0.19058085049988,0.0845685513312925,-0.365307298043672,0.0400225955977426,-0.419741010361746,-0.0281523358270425,-0.277892625751733,-0.122938395757267,-0.0062447026787333,-0.148171703613205,0.302059803078862,-0.0943292994844692,0.355762930364957,-0.0425573662580198,"plong"
"93",0.372420573979048,0.0907740384045592,0.263103952275544,0.0316688626644166,0.181764178910962,0.0705599731770871,0.0269644563907747,0.0317975520923944,-0.22236777416779,0.119503503480371,-0.188672349653207,0.082054150883077,-0.377385881637899,0.0289014229116933,-0.420757310849215,-0.0369846890293161,-0.257039267230294,-0.123603502773496,-0.00816440914777124,-0.141366884091535,0.276510154459904,-0.109148293952385,0.353623676669944,-0.0441561337668654,"plong"
"94",0.375254043155775,0.0987370796957783,0.25050722067015,0.0247654207217991,0.176907508486662,0.0523492098236636,0.0282003673233064,0.026498801965421,-0.214961296717334,0.121846840887031,-0.19765585625195,0.090913152143203,-0.389336575897619,0.0484257076530414,-0.419053881494938,-0.039292770816844,-0.247364778860392,-0.1351348448347,0.00753525491167941,-0.144966287210215,0.290601054498772,-0.100364376698049,0.339366940175888,-0.0437779333301294,"plong"
"95",0.370083471695922,0.0936230741298205,0.262061880350004,0.0210460793039919,0.177284084569508,0.0596172252386618,0.0358161032710338,0.0222534138642677,-0.228462799946534,0.10628315256312,-0.198722414891019,0.0825658444686463,-0.378194712132118,0.0411942965684806,-0.424512103209081,-0.0269457890590548,-0.252061775077169,-0.122179010083271,2.5212528072127e-05,-0.142476486723009,0.290360539481153,-0.0942920187416633,0.346322513360227,-0.0406897815299909,"plong"
"96",0.373881918607816,0.102115965983061,0.251773210149078,0.0149599651764413,0.166374396582816,0.0570124475369802,0.0199886361385555,0.0187890663838665,-0.193272997165369,0.117342505108649,-0.184463262761831,0.0920586688692013,-0.376778320200151,0.0426775972208619,-0.426167495523158,-0.0489136658205071,-0.267588696993447,-0.122736232836753,-0.0198656821161972,-0.144802336019558,0.300246126041877,-0.0935629799733059,0.355872167240011,-0.0349410016289378,"plong"
"97",0.3692033786896,0.101855151349107,0.255008710979338,0.0207133222071483,0.171590601822083,0.0595832053989568,0.0440630014677076,0.0266892234590981,-0.210635715349753,0.118124302364536,-0.191190508364456,0.0911888740999504,-0.372130516046797,0.0388025850884585,-0.427893884444567,-0.0371201065981944,-0.267197788574186,-0.133028804608924,-0.00628610089398661,-0.14715665685238,0.293136502469495,-0.0971560267811118,0.342332318245521,-0.0424950691266451,"plong"
"98",0.376258660314116,0.0923449977149929,0.239522230741004,0.0160566545536796,0.147820024792866,0.0612348444819605,0.0110148006345488,0.022747675924899,-0.229481368960319,0.11589073445188,-0.204912365301003,0.0887312335770622,-0.368403639214429,0.0438307407251339,-0.412835712269055,-0.026106362340661,-0.245327769539928,-0.126196447715342,0.000293842357284917,-0.145343592359668,0.326052136815904,-0.0932735930857892,0.35999915962901,-0.0499168859281482,"plong"
"99",0.360347853209506,0.101551945361917,0.254096065722753,0.0182189782440373,0.169595398560609,0.0662632301219107,0.040950073427739,0.0227694142143594,-0.23156005027146,0.126795827056863,-0.194589809545106,0.096827348464065,-0.372725295742133,0.0395045421867312,-0.422444250948632,-0.0436973927296471,-0.250879297108379,-0.124395545251278,0.00217680334994284,-0.146479275758675,0.299747087115427,-0.106271451574002,0.345285422229734,-0.0510876203362812,"plong"
"100",0.381551674608387,0.097500546361412,0.259029307290404,0.0207284506261956,0.171820678938808,0.062011123484074,0.0212321830627543,0.0171182361464238,-0.212704303237744,0.107474771479336,-0.190763400860348,0.0816571550208506,-0.370247614084224,0.0367418292410057,-0.424459385760404,-0.0325159953566114,-0.265313882047006,-0.122582095097402,-0.0164323880417704,-0.135998178440311,0.296577667879477,-0.0914962832357784,0.349709462251667,-0.0406395602291952,"plong"
"101",0.367774630632216,0.0916469337301982,0.246665827703265,0.0155196008398173,0.170946171760192,0.0669811789391939,0.0333391676430894,0.0205418511355681,-0.208314162863671,0.105186093333487,-0.1867758772004,0.078433080069866,-0.368894062589819,0.0401224372149243,-0.426184510803555,-0.0285674295029369,-0.273695729185267,-0.126490544098923,-0.0261662402519308,-0.141961036419865,0.314493071802301,-0.0832755523876054,0.356811713353579,-0.0381366128537245,"plong"
"102",0.37788643990981,0.108296397793562,0.255608703063465,0.0278764421817733,0.171864702724789,0.0745784134275738,0.0323533757709544,0.0292741724047319,-0.213551276831383,0.122442859562227,-0.189202294481998,0.0947113590639588,-0.374556593503427,0.0362744535211104,-0.42674838956053,-0.0426004203357713,-0.254932056921581,-0.135838806592103,0.00231202923469396,-0.142710974563458,0.284643469924121,-0.113387304231911,0.334321890671085,-0.0589165922316933,"plong"
"103",0.375309208688124,0.0989803303007057,0.254470659626739,0.0178790895818329,0.169215643219033,0.0649100111862913,0.0253000367939294,0.0179231761167426,-0.220962255153859,0.110156751440397,-0.196531040618199,0.0837948618966136,-0.374872618735451,0.0390029752679511,-0.424015866755192,-0.0309363208794588,-0.254828483444105,-0.122069878443156,-0.00139966224874687,-0.135470598712115,0.299432635393832,-0.0979811732966112,0.348881743233894,-0.0461892244591935,"plong"
"104",0.368525840783901,0.0936407019877527,0.252178651284615,0.0200933074580109,0.162988678641061,0.067782671574827,0.0302454491376674,0.0210996103049039,-0.218891775450527,0.129439158288665,-0.193665757949833,0.102155675666113,-0.372446326167958,0.0364951038636302,-0.421073074343926,-0.0483366902050527,-0.245803158087745,-0.129209345887267,-0.0192924953420948,-0.144421461836374,0.305390066730879,-0.100610317020221,0.351843900763961,-0.0481284141949871,"plong"
"105",0.390090522319903,0.11154122861697,0.259593773451604,0.0213391558989068,0.168968184466127,0.0638260058210957,0.0194325891480461,0.0251273384462532,-0.217351863094002,0.115613871725507,-0.195196859937924,0.0918773478357059,-0.369376869183144,0.036101257927216,-0.419922406046618,-0.038520563705279,-0.255675472733018,-0.12775805953631,-0.00437135071669912,-0.141755027534889,0.282149752370572,-0.108552597325234,0.341659999955153,-0.0488399581699424,"plong"
"106",0.362737387659595,0.101235263446797,0.271502882761172,0.0264293613721258,0.191863766096086,0.0696767764142309,0.0330982558098608,0.0220153677286377,-0.206646711345809,0.111918316495967,-0.185856283146059,0.0849633054911409,-0.369233869556888,0.0356755455935605,-0.427234689772412,-0.0377606493886657,-0.275290954755852,-0.131595206801845,-0.0239037782917883,-0.141692845666351,0.288223278825941,-0.0934498383796207,0.340740715716154,-0.0474153963059773,"plong"
"107",0.371931891441996,0.0930850677150865,0.247394847541709,0.0161536688229855,0.178951815394781,0.0600582807013361,0.045142715201159,0.0264568771551742,-0.214891933502599,0.115188011079294,-0.197432955928527,0.0876181841470058,-0.355485600754345,0.0343018503675683,-0.42043263924094,-0.0342712333136941,-0.281956660943473,-0.131472968431933,-0.0287715628884295,-0.147838389596228,0.303876298321191,-0.0866468061380873,0.351673785357477,-0.032632542508508,"plong"
"108",0.37718686100264,0.0984081582717334,0.253147374864533,0.0148370269199002,0.164978197161525,0.0530377633065898,0.0192680687383409,0.0154849122085902,-0.221037812140574,0.102910712061121,-0.199548437353188,0.076811594555736,-0.377515798857329,0.04221079164511,-0.426485711674277,-0.0230498365472479,-0.253246917996699,-0.115706885936474,0.00583689032226432,-0.133017424457772,0.304456759404839,-0.0916514620840058,0.352960526527926,-0.0402753499432798,"plong"
"109",0.374324361379129,0.093218186021785,0.260893842503802,0.0195563434312486,0.170056214561904,0.066163680910416,0.0316395310434909,0.0191218606594311,-0.246574439219823,0.113091755286448,-0.210875672310774,0.0910362294242847,-0.369640538160116,0.0402884556746881,-0.408528936568575,-0.0311224685385555,-0.247662522505406,-0.123388112849794,0.00281724330850002,-0.138622901309414,0.290711899532712,-0.102120047950908,0.352839016435156,-0.0472229807596306,"plong"
"110",0.377125447485157,0.119173864367532,0.259584631842167,0.0259521578385926,0.189955968070789,0.0686918949066044,0.00916880870601584,0.0158805940340007,-0.213201183023083,0.104471737989418,-0.176428456207018,0.0787879183843881,-0.359282349853725,0.0503487842384611,-0.433298431788426,-0.032481428220844,-0.268355886163884,-0.121390283186647,-0.0103477347054277,-0.16690976065943,0.28688879382345,-0.102137197624815,0.338190391813986,-0.040388282067262,"plong"
"111",0.370619354504802,0.0980703611478535,0.253560177046662,0.0209641223260786,0.176436455843743,0.0695274059085429,0.0346976621201947,0.0335575355311115,-0.196775282803005,0.114711921120703,-0.172692526652511,0.0913927793787176,-0.394825410326382,0.0276988046531484,-0.436613369175635,-0.0389589087107466,-0.258383175671197,-0.127620154747853,-0.00307665306709575,-0.140704254640367,0.288700825074198,-0.100650878473484,0.338351943106226,-0.0479887334937035,"plong"
"112",0.362867652033052,0.0905632711343156,0.263232920111675,0.0219822678657832,0.178594890009917,0.0620545777814987,0.046470224079426,0.021363922531351,-0.219684183619585,0.10989657546048,-0.195213165605577,0.0885379631756358,-0.379633009145372,0.0360297276122528,-0.431198046357707,-0.0336646710353205,-0.26030433596949,-0.120753462154205,0.00277917654987007,-0.140446029297989,0.290946932938349,-0.0982335755739731,0.341140944975442,-0.0373305674998289,"plong"
"113",0.377471639853458,0.101552861740785,0.258423325595579,0.0229119823667732,0.164980552636961,0.070920343886877,0.0241326184872873,0.0188880545469742,-0.195361266678813,0.110006200779335,-0.179826780152091,0.0934683376700018,-0.384591020452142,0.0386594002355873,-0.42042462408083,-0.0412627478068767,-0.266357667150948,-0.126976318965887,-0.0216492289077255,-0.148271550162165,0.294760799378486,-0.0966240422129149,0.348441651470777,-0.0432725220784895,"plong"
"114",0.34872769730785,0.0864357359503819,0.249222719068637,0.0204968190073652,0.188539677475373,0.0746671707099272,0.0398234701305491,0.0267432692557087,-0.204644740508172,0.119541148935647,-0.185132703892571,0.0944281045721131,-0.38430871183844,0.0338823830321879,-0.444800666287703,-0.0324043579212751,-0.255653148051246,-0.138132750800933,0.0092092090308176,-0.143148657109354,0.304713021451733,-0.0909237138267154,0.334304176113173,-0.051585151805053,"plong"
"115",0.366890825154513,0.102227084997064,0.244437463292463,0.0163928892112531,0.169403915750954,0.0631282964393811,0.0569017601278412,0.0321959307844498,-0.208475416449643,0.113346213645751,-0.183693188817273,0.0869930445959117,-0.378213524552872,0.0379505598344481,-0.435448253879447,-0.0345080645213618,-0.2668897840711,-0.1279627836425,-0.00617645206241625,-0.150153048555492,0.309731257999717,-0.0941454522760612,0.331531397507263,-0.0454646705128434,"plong"
"116",0.369230668516859,0.0997278055826047,0.25122646177253,0.0210844604149516,0.180448680301897,0.0585010031911123,0.032280023036399,0.0235894286434777,-0.222102964624968,0.113632804570773,-0.196879426146135,0.087228091468325,-0.379882653904438,0.0397811871440114,-0.428329227321618,-0.0300328168677484,-0.252557352370015,-0.126001604074464,0.0101048292092772,-0.141839016706269,0.303033636621548,-0.0943737720892271,0.333427324908664,-0.0512975712775473,"plong"
"117",0.371470947657434,0.100924808303747,0.245664324787185,0.0155351967861051,0.169823385572717,0.0628261735974399,0.0301746000089858,0.0246831639313897,-0.213919753081722,0.113701188162432,-0.187254022283794,0.0795198569342328,-0.376741201086647,0.0420594694063218,-0.430222113018031,-0.0311984936998272,-0.258302860681899,-0.130135944026673,-0.000506983930664054,-0.135246593259067,0.29262873776847,-0.106206773088939,0.357184938287965,-0.0364620530471633,"nlep"
"118",0.359583464561312,0.0983527757569311,0.256984380500051,0.0212940549886084,0.179570680728495,0.0482486011491416,0.0163776811854156,0.0366958740322127,-0.240585191409203,0.124062136061739,-0.210577628402421,0.0829054693998205,-0.380652946697377,0.0518088269588948,-0.4167557332256,-0.0259616559472917,-0.231712760265572,-0.138543637409169,0.0238352793716803,-0.141085318579744,0.300871848312489,-0.107783145464982,0.343060925340732,-0.0499939809461616,"nlep"
"119",0.363872178445304,0.0850688127639172,0.257226300515565,0.0151249039091965,0.17553597553073,0.0548752052454262,0.0219094010296725,0.0187893337151157,-0.235902267724704,0.105389475547452,-0.208983644590898,0.0809236505054356,-0.382052330505948,0.0399380009137438,-0.423270289612223,-0.025040598887987,-0.243631323047646,-0.112004480470001,0.0151931790009911,-0.127875098506725,0.30889008428101,-0.0911154443169507,0.351212736678147,-0.0440737604186225,"nlep"
"120",0.379423380828265,0.0993365319125808,0.25786687248907,0.0250756135511281,0.1657956242443,0.0754319236432388,0.0317348402608209,0.0234255088488742,-0.204696083554328,0.115970827754535,-0.182943465275006,0.0881263972871223,-0.367565474080691,0.0371615375614679,-0.425657108202636,-0.0385417836153218,-0.269739034902431,-0.135715003914457,-0.0220613065677821,-0.14681285310315,0.291313708133388,-0.0977119770634023,0.346528046627029,-0.0457467228626158,"nlep"
"121",0.365044576314853,0.106211411980493,0.25932810730682,0.0124541476443277,0.142103654641581,0.0573956138799665,0.0299329441548142,0.0164713273992858,-0.211169855047584,0.130016709896543,-0.185924841495905,0.0980267250204578,-0.368681634134665,0.0527919799154275,-0.422693790667222,-0.0375843173510508,-0.248411578335176,-0.152412888720248,-0.0274282930058203,-0.147046182637816,0.312152345329035,-0.0972361153420647,0.355748364939268,-0.0390884116853227,"nlep"
"122",0.376912247313481,0.0906404529627119,0.259503113548494,0.0134631666687875,0.166302806097962,0.0639481422123555,0.0310287681310153,0.0215846571547043,-0.233018614305882,0.113322413408423,-0.20457445966338,0.0870643507388944,-0.384770365747156,0.0402075676203286,-0.419903726959084,-0.0322228731225597,-0.241348346408139,-0.12167475839003,0.0126773190679831,-0.133608129593322,0.291993918576023,-0.0952709996947228,0.345197340348683,-0.0474539899655708,"nlep"
"123",0.372888865839398,0.100106252204024,0.257930765082958,0.0199474656944586,0.177337056674749,0.0601342261143508,0.0236520394682824,0.0223902342812704,-0.220423481243115,0.116449137229545,-0.196728561141055,0.0893987618922771,-0.37317141006625,0.0405171999411998,-0.422190351255412,-0.0334560822396521,-0.255285953543089,-0.12935534782869,-0.00177803365866388,-0.144912151039991,0.294183401124017,-0.0975345433405233,0.343585662718179,-0.0436851529082689,"nlep"
"124",0.363722806170116,0.107963858615374,0.272542782538343,0.0490509117833793,0.189619888292991,0.0582991758993819,-0.00255540268296922,0.0152867606702043,-0.261808568793158,0.0900785681770267,-0.227738202803294,0.0647872728374438,-0.352284595675697,0.0584111549195013,-0.394971726947213,-0.0319054508522573,-0.234420198777769,-0.080138562637484,-0.00702215794702683,-0.17020645326372,0.293453010212434,-0.12008047603535,0.361462366413242,-0.0415467601134996,"nlep"
"125",0.368802903387298,0.124607807168949,0.270641067200265,0.0491308446527414,0.208304253630551,0.047405715389022,-0.0171616055199568,0.00475884192131036,-0.264126426313727,0.0874379019603693,-0.232220636659446,0.0620602885756586,-0.349176350522836,0.0590814089220433,-0.38794825640096,-0.027288512834587,-0.233140468789678,-0.0756159108657429,-0.00921210589456464,-0.167581838790521,0.287547204174435,-0.127344955649805,0.357690421708621,-0.0366515904494385,"nlep"
"126",0.367405475832465,0.106203252470379,0.290257126421967,0.0529440369283997,0.190412473689042,0.0596477271941085,-0.013810505938646,0.0114152332457383,-0.266834110600301,0.088078645196331,-0.226280078965133,0.0598422592674539,-0.354313093276907,0.0589214647805079,-0.388594273838277,-0.0306402374302371,-0.223932384742022,-0.0829965943823792,-0.0221070832603307,-0.164095671251562,0.287215296164376,-0.120108052614486,0.360581158513766,-0.0392120634042542,"nlep"
"127",0.36301762200057,0.121042913165591,0.276067535264422,0.0479105175656478,0.188558682174348,0.056576861933196,-0.00468485809134627,0.0060000678276597,-0.263372230432644,0.0976027932803604,-0.218770717811787,0.0675323889592891,-0.319578945063139,0.0613530423266079,-0.40087425868035,-0.0307613752899897,-0.252764252729786,-0.0953216297562125,-0.0213077654100467,-0.176740331712714,0.283335436516687,-0.129750625561477,0.370373752263072,-0.0254446227379585,"nlep"
"128",0.385020320996072,0.128458937251526,0.281944670460047,0.0494945733502893,0.15673628245885,0.054336032482775,0.00985358644956892,0.0037178882705917,-0.266625625594346,0.0894760495498327,-0.231504334447324,0.0608726612182465,-0.360375785111746,0.0647699840506337,-0.375980444278798,-0.0295427872593676,-0.236753420003556,-0.0818004748010577,-0.00298373353946001,-0.16589733346011,0.278380245231518,-0.118734308038884,0.362288237379175,-0.0551512226144753,"nlep"
"129",0.384289284585544,0.128608944300585,0.280486188514852,0.0406400411181473,0.176232096546918,0.0607828134911467,-0.0026297250665308,0.0117514090371522,-0.245998289105265,0.097607037112555,-0.21689476097686,0.0737066700412611,-0.35674115334003,0.0466458945617579,-0.374598010610088,-0.0539828653387291,-0.254715264383225,-0.0739313052129822,-0.0348674130441276,-0.161755925535168,0.280691751020604,-0.128979056651965,0.364745295858208,-0.0410936569237613,"nlep"
"130",0.36450409603348,0.127570155950343,0.27060370802874,0.0434016805160441,0.180113901053047,0.0510682253587525,-0.00523984225165021,0.00787061984203549,-0.246000510184429,0.0904229227153504,-0.214268249633878,0.0662522014679157,-0.343491569113405,0.0563121680530068,-0.408770178474774,-0.0357641670026375,-0.23671386225431,-0.0727468814607696,-0.0258241157608929,-0.171872889614532,0.296946791450028,-0.131289274419291,0.368139831108044,-0.0312247614062188,"nlep"
"131",0.378740578389841,0.116726756419156,0.279826259859442,0.0466708144220483,0.18083064678004,0.0591861080960019,-0.0218315448116974,0.0129004998501443,-0.251145344550425,0.0885628754850837,-0.223838805087152,0.0619835055047369,-0.336055443509296,0.0576959171978903,-0.392113850555888,-0.0362034400390295,-0.24601450610417,-0.0860052321951951,-0.0256639481335344,-0.161458582954922,0.287994069209519,-0.121729588006017,0.36927188851332,-0.0383296337798964,"nlep"
"132",0.386605982829943,0.120398738955891,0.282402607950445,0.0490514666351675,0.199380809450481,0.0615530723503884,-0.0131691444494304,0.0129432379137497,-0.256128676052064,0.0783119687181638,-0.226513226517199,0.0538751363579496,-0.354339532143315,0.0562354159158342,-0.396397364766204,-0.0335094964992243,-0.228792439546577,-0.074924480729886,-0.0174454120076935,-0.155982787882705,0.271657076609387,-0.123414285520207,0.352739318642227,-0.044537986215122,"nlep"
"133",0.375124374101008,0.114276276701293,0.275243226730328,0.043253827932681,0.1798281604073,0.0657802637547255,-0.013168634573335,0.0156189541552091,-0.252312528181112,0.0773127709810943,-0.221503857632751,0.0576298336321885,-0.345412342935186,0.0452857560985917,-0.409670435529867,-0.0251706157199503,-0.238337263398543,-0.0631492158822817,-0.00185398669504672,-0.164183355532088,0.284505338241689,-0.123620101255528,0.367557949465515,-0.0430343948659356,"nlep"
"134",0.381554323140167,0.12460794119474,0.27042341494529,0.0521192952541686,0.19469009705997,0.0568677486695774,-0.00780005090136719,0.0183040039344919,-0.254270494798767,0.0722022076747855,-0.211875332628876,0.0476825196871705,-0.353828523285907,0.0647169558742788,-0.407242790725012,-0.0232603047847267,-0.228701309603739,-0.0828473915719926,-0.0194321944867166,-0.161631261300155,0.275589690608961,-0.128759429628123,0.360893170675995,-0.040002285004215,"nlep"
"135",0.384771899617357,0.123321833274896,0.283703941122585,0.0599325426303559,0.203045819121531,0.0641858535114362,0.00198836149122008,0.0173636434743516,-0.246797284894453,0.0867320046107753,-0.216807971298586,0.061864529881716,-0.343341921737706,0.0517749454456059,-0.401552061288728,-0.0416267948754505,-0.24749396787081,-0.0855853465748775,-0.0283053402553773,-0.165380884658136,0.262906342977816,-0.130661379821252,0.34788218301515,-0.0419209468994207,"nlep"
"136",0.377134832195547,0.129686563538769,0.274991397479439,0.053843737816018,0.198464521560394,0.0631039241648287,-0.0205059703477407,0.00772433515064564,-0.257425686849581,0.080694413986536,-0.224533864761197,0.0544648633787982,-0.348302512786949,0.0629332523428803,-0.391520055189924,-0.0225403083296551,-0.233708520657411,-0.0832369890155454,-0.0126938348578346,-0.167678232344696,0.286789197907259,-0.127814916228511,0.351310496307998,-0.0511806444600685,"nlep"
"137",0.372794121940777,0.118176862111272,0.264826902414985,0.0459153422759673,0.191514440025167,0.0629517233384585,-0.00113435421875233,0.0145103648136625,-0.255177073272918,0.0925487644471937,-0.222470424147032,0.0664676515567016,-0.347959376547763,0.0589278710092913,-0.396092972583329,-0.035247431794149,-0.237083952362609,-0.0834254476247078,-0.0145262113091727,-0.176212918089634,0.283073921016442,-0.132105126150044,0.362234979044206,-0.0325076558940122,"nlep"
"138",0.377188037387328,0.106707793670911,0.273099737952511,0.0482619442060597,0.196949322681154,0.0629415567564185,-0.00745564844678443,0.0156953861798546,-0.254044629101336,0.0795792871280077,-0.221245225579955,0.0608658768393897,-0.35177531950659,0.0420456483074411,-0.402381151416347,-0.0313899519373826,-0.243176096607043,-0.0676555307058343,-0.0133082306843486,-0.155906612694975,0.28727061586804,-0.118478728577209,0.358878587453371,-0.0426666691726812,"nlep"
"139",0.374529496602449,0.117027915368123,0.272590563090858,0.0481982351865507,0.182100256896943,0.063437452144191,-0.0151737846949878,0.0158295379117596,-0.246399304624004,0.0875658513061732,-0.21445782807829,0.0636410017274571,-0.34615589532645,0.0528277443835361,-0.410778075043515,-0.0254017071541165,-0.237292941350857,-0.0870779283529776,-0.00613695127303717,-0.170315677330246,0.285924172878738,-0.122745710995238,0.361250290922153,-0.0429867141952119,"nlep"
"140",0.367807967026974,0.109793266573482,0.282241107270288,0.0474650277000819,0.179963643987701,0.0554539994944384,0.00537927855589228,0.0124368448582329,-0.245956945002776,0.0841061487862621,-0.222542481293842,0.0635256950785514,-0.34761806983349,0.0544462835998912,-0.408483231722005,-0.0349841304287912,-0.241283230251791,-0.0776693057741722,-0.0222289386701682,-0.162459893325619,0.285028989616524,-0.119523585530814,0.367691910316693,-0.0325903510315438,"nlep"
"141",0.370301208684026,0.113928884106641,0.273117138592537,0.0529666643400715,0.197488657741945,0.0620442641499947,-0.00441390513582861,0.0102981390405101,-0.241431465653997,0.0862054519774444,-0.213546219249797,0.0625086257687677,-0.338883174522769,0.0525701025733835,-0.412908754131304,-0.0375935710778985,-0.250409181676447,-0.0753000580255001,-0.0256047086833303,-0.170029522092249,0.287722546139984,-0.124323861018822,0.358567857894981,-0.0332751197423435,"nlep"
"142",0.366315561967396,0.110194953225428,0.26955288581595,0.0449534229939823,0.185338887959017,0.0576865007306802,-0.00433415004857085,0.00668404998295595,-0.25439339880419,0.101286868464661,-0.22467988574302,0.0710945711673416,-0.345220711249293,0.0471274273546411,-0.386596792562119,-0.0343866306808474,-0.249690690892177,-0.0817252470010628,-0.0247741372903078,-0.171556159086662,0.296689203957813,-0.116883697950199,0.371793226889502,-0.0344760592009186,"nlep"
"143",0.369129789146547,0.122055878046012,0.274344352107685,0.0512430746950926,0.187921179397238,0.0582891617569082,0.00763703151174864,0.00811823836841548,-0.234482223028278,0.107562251348864,-0.216221754601413,0.0748868778188731,-0.35767187999568,0.0365587971333581,-0.413321906373624,-0.0375109124536131,-0.234561880109682,-0.0883448094354198,-0.0204599651737048,-0.162124278248466,0.281425673484509,-0.127695611730536,0.356261583634653,-0.0430386672994883,"nlep"
"144",0.372041020945644,0.117324441036967,0.284320602467108,0.0539507974103435,0.18814787212863,0.0706086487668723,-0.0062086599254321,0.00821900455288919,-0.25118413585593,0.0834245085741456,-0.219873943133825,0.0533091201610379,-0.344548802743749,0.0507495618649099,-0.400420706223365,-0.0289140665619101,-0.237087674137883,-0.0759875555172368,-0.0323911982045371,-0.162335474053696,0.281186012843018,-0.127287468314094,0.36601961184032,-0.0430615179202292,"dmer"
"145",0.375066342587293,0.12583890738671,0.277896558001497,0.0529720990529586,0.193686537425654,0.0638590090647848,-0.0105928231906709,0.0185942989378821,-0.238961463766626,0.0875433111770852,-0.21169416445402,0.062228290450818,-0.335396739871661,0.0534423961658904,-0.41033326442665,-0.0373003491977432,-0.247549472603314,-0.0869966501936281,-0.0308744728860663,-0.17101732928333,0.278072000473713,-0.124555866236513,0.360680962710851,-0.0446081173249151,"dmer"
"146",0.367557765313692,0.112466482567248,0.283881708312287,0.0474471234156243,0.180560375105275,0.0742926752258015,-0.0120512780959929,0.0268573340230068,-0.270042838832053,0.0886663925487304,-0.228762292159275,0.0652783998951584,-0.338542778510227,0.0461492730253054,-0.389753216247202,-0.0424547197293625,-0.233894645418345,-0.0702092205626817,-0.0143418262870618,-0.160225283655263,0.287895490435621,-0.133152681891335,0.367493536383283,-0.0551157748622331,"dmer"
"147",0.375551259751828,0.110548899462932,0.287055232203973,0.047689981916317,0.19172395727345,0.0672482154166537,-0.00212427639265763,0.012763382170203,-0.263417711049964,0.0736062624012303,-0.224156147796903,0.0535373174705024,-0.337319311983437,0.0494401973467466,-0.411651190086957,-0.0273142649369705,-0.226611016068956,-0.0698690448586427,-0.0314018117135855,-0.159268894301425,0.281510503222641,-0.118722516625977,0.360840512640569,-0.0396595354615696,"dmer"
"148",0.371099196722934,0.125861120071658,0.284642311019659,0.0541518532892258,0.17913603312474,0.0565467737697157,-0.00456893390828924,0.0113820866274769,-0.253475257935681,0.0916881601180188,-0.221263384749847,0.0653525525857816,-0.34437740553451,0.0590667915774994,-0.392308221333808,-0.0345541968461219,-0.237634493552256,-0.0837524632264536,-0.0251847128386453,-0.176748812308799,0.279917519425218,-0.129287411986937,0.364017349560487,-0.0397064536710643,"dmer"
"149",0.374709176640136,0.122102832039345,0.282362881505176,0.0511601520721379,0.212209860076397,0.0628578372198114,-0.00165031362370879,0.0176202795431238,-0.244250154946824,0.0826356466489204,-0.212197694894013,0.0601231208402497,-0.348303538362893,0.0481588781033687,-0.419087938463545,-0.0359067492183086,-0.236290312596309,-0.0770805090811184,-0.0223317445761369,-0.16678564205665,0.269026347186138,-0.124166367938232,0.345803432055582,-0.0407194781726492,"dmer"
"150",0.375169731874486,0.121964686825273,0.27363220775237,0.0458185221113593,0.195646784519979,0.0556391353628642,-0.00407221031856077,0.0108304957402225,-0.255291887579665,0.0850352822042917,-0.223210189032755,0.0606366613121445,-0.347781666199871,0.0539793652080199,-0.396887302158582,-0.0334712569793011,-0.239663054029751,-0.0775095140497435,-0.0205050162686107,-0.160298461542632,0.275636007168708,-0.126648538313958,0.367326594272251,-0.0359763778785404,"dmer"
"151",0.374148418818736,0.107018867143081,0.287101396109445,0.0567514895764303,0.175735251355418,0.0664608330473708,0.00676625646497838,0.0192072435894319,-0.244854948668798,0.0748875783554434,-0.217992589979405,0.0511475791757644,-0.358967130866124,0.0553717882092287,-0.411940629645889,-0.0284468933863182,-0.233037080480455,-0.0751175857293114,-0.0152357485977163,-0.160885971600061,0.275156675269804,-0.123141313465674,0.363120130220007,-0.0432536149153856,"dmer"
"152",0.378944474377207,0.124138301699919,0.281018077628678,0.0486973676379132,0.18987826344812,0.0594125121874301,-0.00829385014123887,0.00782448011114463,-0.25631621173191,0.0934731782588592,-0.227957706675389,0.0652691931209554,-0.339593092868928,0.0610150516801571,-0.382079553572613,-0.0419331121438115,-0.251114819711849,-0.0878046533887482,-0.023240861729568,-0.164297894025215,0.276801722268961,-0.12573366228513,0.36195355870853,-0.0400607628534735,"dmer"
"153",0.373343381794962,0.122132371668814,0.282122797314269,0.0502144456280939,0.191085009508511,0.0634068082750068,0.000442062492708894,0.0175908377325434,-0.262242679645852,0.0897741065699177,-0.22764992239453,0.0645621981748849,-0.354124128477984,0.0557365741460721,-0.397364964467074,-0.0368572513322365,-0.233269989508499,-0.0815496703730305,0.00695981876593107,-0.160594457989907,0.269777103948854,-0.134906677832915,0.350921510668704,-0.0495092846672437,"dmer"
"154",0.384023369511514,0.12452472594124,0.288725202953156,0.0509760977441999,0.18330152737258,0.0685235998144328,-0.00687666274683165,0.0169467631666985,-0.258639076887427,0.0888723905708667,-0.225713017700318,0.0634928534615554,-0.348701930871293,0.0544153952283096,-0.393355100240039,-0.0388020305807934,-0.234494203020942,-0.0832015783423327,-0.00571104615230092,-0.160995547096816,0.267001144651735,-0.136661418302246,0.350439793130167,-0.0480912516051146,"dmer"
"155",0.380799893787636,0.119483216003456,0.27465003910319,0.050300472255155,0.184021554594645,0.0618826622861517,-0.0340442170350325,0.0183607806251498,-0.266020491704969,0.0903559705099977,-0.240587101025138,0.0703166359340676,-0.339000142708441,0.0548997859313531,-0.370391149600037,-0.0356935843927581,-0.228324286197512,-0.0755740879900582,-0.0182314424636073,-0.178196047543735,0.291545496688571,-0.132473679817505,0.365581846560695,-0.0436621238012736,"dmer"
"156",0.376970417584725,0.121113739479684,0.281616820801914,0.0556369851891436,0.187660211745548,0.0663926463960715,-0.0115099215784249,0.0138118994424527,-0.246646970115031,0.0843596704813392,-0.228280564756003,0.0656044723134245,-0.350229186528279,0.0564417590668693,-0.395329882755324,-0.0366556419578221,-0.237550464007174,-0.0822473467506383,-0.0147170191077833,-0.16436833047082,0.288416095910151,-0.119906177092653,0.349600462805679,-0.0601836760970515,"dmer"
"157",0.367253953833456,0.121860378149673,0.290644425393827,0.0587221228290308,0.196939113758248,0.0606563172682486,-0.010262610434638,0.0174935105362001,-0.259982597713507,0.0928582549943713,-0.227705742331305,0.0668204561874843,-0.347229270064976,0.058073287828626,-0.38926044014785,-0.0377202497516958,-0.234398204389579,-0.0855154825708516,-0.0104210534638777,-0.1735562511398,0.271239299012512,-0.135250057613936,0.353183126547689,-0.0444422867173514,"dmer"
"158",0.386910561762206,0.124218664103344,0.267832084607211,0.0310561733118935,0.176759295109796,0.0599744298402995,-0.0111558019038315,0.0178339118433127,-0.224115796169463,0.065784963309301,-0.187058452356257,0.0478690787195118,-0.345182349820969,0.0625319385823668,-0.402901594288192,0.0116486720369095,-0.265799643300332,-0.0717709459829938,-0.0535929679960665,-0.173067230336144,0.283187727575264,-0.138223413798986,0.375116936780636,-0.0378562416288151,"dmer"
"159",0.377407465385309,0.104870109438958,0.266003036291319,0.0250123197784651,0.159036397132375,0.0427504289319322,-0.0200286826159496,0.0120257686790281,-0.233881865904808,0.0626750701088515,-0.194854346838048,0.0457223014539889,-0.354065703212104,0.0624414069405488,-0.405015020429292,0.0182553804719865,-0.257585793464381,-0.0596235075411335,-0.0360791120162186,-0.157929565454213,0.307938903518501,-0.122956030958771,0.391124722153297,-0.0332436818496417,"dmer"
"160",0.383346959270852,0.113002810114364,0.274489235767045,0.0315886911374131,0.166929000983474,0.0535259382966964,-0.0175309501332891,0.0131308619932161,-0.2250678424324,0.0645378787833147,-0.188383796363864,0.0467093353088824,-0.344566284569984,0.0628271614011642,-0.400869581902588,0.0145872789328849,-0.265041973232468,-0.0678641130544589,-0.0577443069134074,-0.171673831744265,0.292059946845967,-0.133336608173622,0.382379592680664,-0.0270354029955903,"dmer"
"161",0.385187369221551,0.124013029106065,0.267728807339754,0.0311064771609029,0.172873311407895,0.0643519079459969,-0.0312094001089343,0.0134265773097095,-0.218186880309351,0.0685272788528544,-0.1886659443594,0.0468401796440613,-0.344716015358652,0.0633828763284025,-0.400817380869727,0.0175909491647372,-0.260995244112901,-0.0727159555950363,-0.045706045883139,-0.178217742512304,0.279593412719133,-0.144041350267202,0.384914010313772,-0.0342642271381878,"dmer"
"162",0.387136545521412,0.0979681911408623,0.268071334819932,0.0231530645570968,0.164744217538649,0.0445666357972708,-0.0207808272454822,0.010061717587302,-0.23367362130308,0.0559150469702109,-0.195226262160672,0.0403146673418746,-0.354312834872239,0.0559415649431471,-0.40724099116527,0.0156984636964736,-0.261826928671447,-0.0551614057146488,-0.041063163263966,-0.1422675873227,0.303138350523289,-0.113884649055832,0.391034180278873,-0.032305709941057,"dmer"
"163",0.388189906026464,0.138590490964516,0.262635663796331,0.0343201903817205,0.165818285257869,0.0624747046028959,-0.0148194983089126,0.0155795670898932,-0.214932218898804,0.0779258704017792,-0.175553778684774,0.059940852954653,-0.3476469792853,0.0644461781481714,-0.405568864811395,0.00686798208629848,-0.253146575467768,-0.0742668059265722,-0.0579118046303215,-0.193924316347585,0.278025474313897,-0.152539362362329,0.374910390692714,-0.0394153519934421,"dmer"
"164",0.389628665781756,0.124234704090532,0.279208224772736,0.0339749754116299,0.157539401677793,0.0549815631254622,-0.0236937905985775,0.0128339292526003,-0.228775498051213,0.0679296786818577,-0.192156221022777,0.0488109113352491,-0.344781752514503,0.0671415600674959,-0.397099717387464,0.0166360100254928,-0.259345396311759,-0.071022215769515,-0.0454334015510829,-0.177771527821228,0.300100205107457,-0.134997675752429,0.364809280097633,-0.0427519126471477,"dmer"
"165",0.386574667464008,0.141697682407747,0.26083180690001,0.0357161911750265,0.160599151229509,0.0640703244369225,-0.0243424838131127,0.013454354270972,-0.215913823177169,0.07511179571508,-0.182229501364081,0.0537691788184648,-0.333862914497119,0.0735061309433671,-0.401280674332274,0.0160792546460443,-0.261481906852609,-0.0804368449814623,-0.0507233432476403,-0.198598377519354,0.284246953517869,-0.154601233347198,0.377582068172609,-0.0397684565656092,"dmer"
"166",0.387954815417959,0.123197453657172,0.262116575482462,0.0301615279079519,0.156396410202878,0.0478247112706445,-0.00830757113342298,0.0109611104847738,-0.234496321631834,0.065191096343453,-0.190257469636918,0.0491639729208552,-0.345068708932428,0.0684971529278814,-0.397929659911329,0.0144335405318616,-0.260527431540303,-0.067167101648869,-0.0524368814954448,-0.172306623480647,0.302615263438931,-0.131073183108542,0.379940979739449,-0.0388836578065358,"dmer"
"167",0.390289167735172,0.103851389318629,0.284338566093126,0.0356484765417473,0.161874138551303,0.0787838122273423,-0.0141159509450227,0.031795503182613,-0.233424062486782,0.060919683437524,-0.204140189110156,0.0443247792795318,-0.329898120866475,0.0616017477427458,-0.387087982056232,-0.0210259813801563,-0.274251907807289,-0.0466675475886722,-0.0648765775532184,-0.168189562036533,0.283550048058233,-0.134528942261528,0.387742870387341,-0.0465133584632424,"dmer"
"168",0.408365208325788,0.0897916984024089,0.276893417882716,0.0226541198884494,0.177512339964112,0.0391292413259372,-0.0188138608280843,0.00820792590298375,-0.226860081463914,0.0453906747811272,-0.190723064663672,0.0324291376915132,-0.349159262669531,0.0439815673109977,-0.410137412753464,0.00873354983564201,-0.275774679486361,-0.0503994262097126,-0.0673985151891298,-0.122914195315715,0.286681480070999,-0.0944021375934674,0.389414430810543,-0.0226021560201639,"dmer"
"169",0.370901179174715,0.14695396877385,0.258416038420198,0.035313073316558,0.161644761844857,0.0648808749198127,-0.0126899387230009,0.0112478354058785,-0.218001719239537,0.083706356510992,-0.179430160537125,0.0571391621106864,-0.360101371498949,0.0814412942203285,-0.395005102401402,0.0186449554066523,-0.24596532015504,-0.0839372133782536,-0.0425064743537637,-0.207893081563945,0.288699326874372,-0.163768424187288,0.374038780594677,-0.0437288015352718,"dmer"
"170",0.502199383989061,0.241076149047902,0.285646906414555,0.0786718383774334,0.217723891819497,0.108403397067441,-0.00554110991243838,0.0174783525569433,-0.142677457816129,0.0819557148183679,-0.128118716921464,0.0558085256947751,-0.256655795876471,0.0672078962526279,-0.362728521941404,-0.019018011569288,-0.3241758842579,-0.141041079068215,-0.237277100566332,-0.286418059121528,0.127453575911764,-0.188096953735691,0.324150829157262,-0.016027770320768,"dmer"
"171",0.39597637243366,0.124774993125382,0.268296144886503,0.0338931258972101,0.167523110833516,0.0597152476693901,-0.025614861067804,0.0142504207743935,-0.226776090286508,0.0571880702572301,-0.18662225121521,0.0363052494681953,-0.344190524581134,0.064775366245118,-0.39633935151613,0.0211998431175326,-0.255214632480521,-0.0644609294054415,-0.0636096807627597,-0.178296094572816,0.283450746220505,-0.135307720842117,0.383121017535883,-0.0340375717340768,"dmer"
