,data.super.Csize,stratum,,,,1,2,3,4,5,6,7,8,9,1,11,12,13,14,15,16,17,18,19,2,21,22,23,24,25,26,27,28,29,3,31,32,33,34,35,36,37,38,39,4,41,42,43,44,45,46,47,48,49,5,51,52,53,54,55,56,57,58,59,6,61,62,63,64,65,66,67,68,69,7,71
,16.198526,2,16.00011021,,,0.219443745,0.287284996,0.666854792,0.6736717,0.678491258,0.391439144,0.486657398,0.475566313,0.727638793,0.71173243,0.674535815,0.667373145,0.528554942,0.574191497,0.531697612,0.412646589,0.446499415,0.611674176,0.383616518,0.425115447,0.746739682,0.895288469,0.726265232,0.614359614,0.61295472,0.719161372,0.575122486,0.539399515,0.551161249,0.593397386,0.676153599,0.632612975,0.648797387,0.648797387,0.677765132,0.558332533,0.525313719,0.57976897,0.668755129,0.615472939,0.52139333,0.497364445,0.57633686,0.541855192,0.461125365,0.512791794,0.495744288,0.513358978,0.521748774,0.545897145,0.625793589,0.63848733,0.614362374,0.554726346,0.569957647,0.52297646,0.616455773,0.652667849,0.633266413,0.519633213,0.461733184,0.513383334,0.541679511,0.615314887,0.56966662,0.624531976,0.588824676,0.636123812,0.391496546,0.521885177,0.477255158
1,16.355196,2,0.614541483,1,0.219443745,,0.189541516,0.634642612,0.648973823,0.673265184,0.381242669,0.465821344,0.429734485,0.624832919,0.639955458,0.586773278,0.571795865,0.435591357,0.476793426,0.486353838,0.287596675,0.423975369,0.521137849,0.318598543,0.358979119,0.638883955,0.778678338,0.637772434,0.533344578,0.553712265,0.648163593,0.578251594,0.487431533,0.47614614,0.529879484,0.556133367,0.527616856,0.556151787,0.556151787,0.583888817,0.471853719,0.441455562,0.443958399,0.558971727,0.48966853,0.416242556,0.45676148,0.517392374,0.493833338,0.375438884,0.395415544,0.422919256,0.443435176,0.431965213,0.467218448,0.581126886,0.523272534,0.475193864,0.478321284,0.492372613,0.434561296,0.535688188,0.577494623,0.573514129,0.443633511,0.369486282,0.428816549,0.451254832,0.523599843,0.478761253,0.526887512,0.478146633,0.539551394,0.268545681,0.417447753,0.361515387
2,16.6376419,2,,2,0.287284996,0.189541516,,0.629643447,0.655384957,0.665428592,0.391732817,0.45265869,0.433364259,0.627495981,0.646646815,0.593357693,0.641236583,0.537479166,0.539465112,0.418255774,0.291624755,0.485812958,0.548726285,0.488228765,0.423645914,0.636118818,0.731518264,0.631146326,0.56671757,0.594983234,0.681716265,0.431165977,0.481771646,0.414389793,0.452967885,0.567838879,0.482129652,0.491662983,0.491662983,0.533343697,0.467982848,0.421384721,0.427373282,0.485985782,0.46989738,0.382163887,0.462634145,0.488364343,0.486922414,0.371553179,0.314848655,0.338512889,0.465782479,0.457623886,0.49175264,0.521742149,0.541761645,0.482491412,0.551521547,0.594581585,0.548326643,0.522942377,0.571457156,0.578457726,0.42345828,0.383198457,0.418345824,0.496671337,0.563314682,0.525174289,0.556549111,0.527554543,0.582636148,0.333612453,0.432516628,0.37844817
3,14.7975247,2,,3,0.666854792,0.634642612,0.629643447,,0.148915314,0.158743331,0.765185962,0.733676289,0.737823297,0.59587349,0.549358118,0.537916676,0.841497815,0.76946634,0.821751132,0.62619693,0.569459694,0.626188339,0.724963489,0.673443925,0.644845945,0.715825886,0.742355647,0.535574357,0.628392988,0.662856515,0.724947234,0.537811591,0.432739236,0.416676928,0.498116463,0.539754888,0.571639634,0.741758947,0.741758947,0.791814152,0.589899512,0.637536183,0.642382263,0.618761279,0.543612867,0.471591215,0.564822313,0.732335915,0.625166114,0.665492763,0.55699852,0.565237811,0.753629883,0.791928144,0.729917484,0.619824394,0.672142593,0.642455239,0.654335456,0.717956262,0.696223612,0.549326467,0.557383764,0.576282196,0.648573424,0.585122112,0.595856683,0.688562768,0.715919986,0.699646713,0.569858128,0.621614338,0.615299344,0.526392878,0.478933282,0.533879279
4,15.24877,2,,4,0.6736717,0.648973823,0.655384957,0.148915314,,0.128735591,0.79852814,0.776542443,0.772118249,0.611849964,0.549322697,0.547516877,0.83254157,0.783851177,0.844457275,0.641937432,0.583383726,0.648474231,0.771877258,0.691231621,0.659436619,0.74636859,0.786897412,0.573799873,0.664791956,0.695562816,0.756754666,0.53274438,0.46568743,0.452374198,0.52791259,0.577543996,0.545642757,0.763921427,0.763921427,0.851823536,0.633161774,0.646219331,0.644867268,0.659243815,0.574769843,0.513961828,0.649538583,0.765771359,0.651825787,0.693127512,0.594433774,0.599349344,0.787178863,0.736112767,0.762641917,0.636545556,0.698244987,0.677753738,0.689293449,0.741974365,0.714682563,0.572237196,0.577253797,0.585226397,0.679736233,0.61353523,0.631121975,0.731193285,0.727267117,0.711366939,0.666944941,0.651757891,0.655985658,0.559997852,0.515336547,0.56882948
5,15.2372639,2,,5,0.678491258,0.673265184,0.665428592,0.158743331,0.128735591,,0.835455122,0.777483214,0.779431219,0.692874467,0.561386166,0.5646373,0.865279855,0.821995587,0.866138273,0.677591864,0.611758319,0.689642748,0.771326997,0.711597632,0.655228735,0.757371184,0.799154794,0.589474215,0.663252213,0.688625987,0.752715986,0.524819154,0.449921483,0.455892317,0.545863846,0.695924631,0.558854761,0.765168716,0.765168716,0.818766124,0.642112527,0.667511417,0.653124538,0.647578782,0.597899789,0.529165964,0.614533814,0.776875499,0.666935856,0.697992968,0.627331189,0.694392883,0.794868346,0.75989599,0.774745541,0.672331766,0.718913644,0.711367539,0.733559324,0.797239548,0.758419174,0.599267155,0.673161376,0.616663664,0.692927783,0.636356998,0.651656716,0.725183176,0.758129699,0.734631982,0.641776866,0.755228362,0.697499684,0.586474338,0.528211698,0.581145873
6,15.8356815,2,,6,0.391439144,0.381242669,0.391732817,0.765185962,0.79852814,0.835455122,,0.161827268,0.159512644,0.815687826,0.869662846,0.891827225,0.689947795,0.582924822,0.585648447,0.612263644,0.575968982,0.499663882,0.529947652,0.415389565,0.48444218,0.757473465,0.847617615,0.719976744,0.563714142,0.565119439,0.678342714,0.66987113,0.698352189,0.693459497,0.629793382,0.665522458,0.624142757,0.716425853,0.716425853,0.771543266,0.491139696,0.429555935,0.475537752,0.668341642,0.633771886,0.533923476,0.426982936,0.516867476,0.495781642,0.541646372,0.513285171,0.51277752,0.423559519,0.48535864,0.492931417,0.628387338,0.652225912,0.596782543,0.473564493,0.498285854,0.476911222,0.645744211,0.691679217,0.699857844,0.47744348,0.43245469,0.463779236,0.447521533,0.524232618,0.479464753,0.592476736,0.566238859,0.599976937,0.396666444,0.489888492,0.449572869
7,16.483126,2,,7,0.486657398,0.465821344,0.45265869,0.733676289,0.776542443,0.777483214,0.161827268,,0.928965877,0.816184588,0.867548274,0.817554356,0.731792295,0.641748267,0.638463365,0.637953398,0.531875673,0.572352247,0.5548234,0.473295213,0.522893934,0.65917574,0.777394972,0.659791682,0.56135816,0.571849581,0.675371985,0.666484439,0.595128834,0.58134348,0.654495194,0.641884915,0.591887457,0.685714858,0.685714858,0.773319697,0.491234922,0.438495574,0.485575187,0.629613675,0.599621666,0.499639185,0.358722698,0.466894782,0.437446218,0.575515115,0.512742738,0.525919976,0.447565587,0.518632782,0.515433978,0.612316117,0.642669772,0.594426422,0.469387849,0.524532969,0.515653958,0.597832766,0.645323823,0.645134198,0.427578484,0.462763794,0.413776262,0.4257394,0.481656432,0.451544932,0.554396937,0.555749696,0.575825338,0.397733431,0.439966346,0.482558461
8,16.361566,2,,8,0.475566313,0.429734485,0.433364259,0.737823297,0.772118249,0.779431219,0.159512644,0.928965877,,0.795857556,0.845191673,0.787998365,0.677737348,0.591249896,0.581116237,0.61925326,0.551127139,0.549889724,0.533689541,0.449242911,0.492656476,0.668764122,0.777662997,0.663529112,0.544919451,0.563512916,0.663973433,0.661781715,0.685744382,0.572387166,0.574699744,0.62858282,0.556493432,0.672576744,0.672576744,0.754144419,0.458496629,0.445395699,0.455437893,0.634989685,0.582965853,0.491415181,0.366942384,0.479725829,0.453419739,0.562291268,0.497562523,0.512528282,0.429513838,0.499793885,0.516826689,0.567735464,0.619564994,0.55351977,0.448367188,0.523554457,0.488248982,0.584849251,0.632518747,0.641186478,0.48887794,0.372299258,0.392859895,0.388877236,0.456454298,0.416635187,0.539551732,0.53912127,0.566457764,0.369457114,0.411278899,0.382452726
9,15.297614,2,,9,0.727638793,0.624832919,0.627495981,0.59587349,0.611849964,0.692874467,0.815687826,0.816184588,0.795857556,,0.257926795,0.253134946,0.77421924,0.798972395,0.814935734,0.644718488,0.572699982,0.772875934,0.671814868,0.625969855,0.583164153,0.763433239,0.743245628,0.613628781,0.618439644,0.633898774,0.666791769,0.575214442,0.54176378,0.517542746,0.516118479,0.548165962,0.497395756,0.687362396,0.687362396,0.712612128,0.686473292,0.767435287,0.715995537,0.555632795,0.511727843,0.538812624,0.682359134,0.772281343,0.698972778,0.667638984,0.639333936,0.628712927,0.843885885,0.742365974,0.74191113,0.545186144,0.54687688,0.543767525,0.725989659,0.775477776,0.73983238,0.676259946,0.715316756,0.71595322,0.698233166,0.657991332,0.672974388,0.752841643,0.743487659,0.72356874,0.612194171,0.776215436,0.663293655,0.557323777,0.541975543,0.557989285
1,15.834779,2,,1,0.71173243,0.639955458,0.646646815,0.549358118,0.549322697,0.561386166,0.869662846,0.867548274,0.845191673,0.257926795,,0.12148894,0.843863951,0.812373867,0.849115452,0.728538463,0.595991266,0.811537679,0.79683358,0.754143343,0.644957392,0.728732597,0.755295166,0.616324418,0.718474146,0.753862256,0.828453699,0.558688286,0.547516612,0.49747712,0.469949466,0.523562592,0.497462899,0.666655447,0.666655447,0.673652564,0.716778459,0.776681263,0.728632771,0.611514797,0.521338948,0.546455824,0.681271126,0.772771533,0.699465614,0.69894756,0.645694227,0.671853288,0.896858173,0.812979772,0.825787148,0.553344395,0.585914456,0.589255753,0.78786438,0.828637836,0.788978796,0.652658575,0.689682566,0.682171362,0.699345519,0.655195797,0.681667531,0.758911439,0.787171428,0.773334214,0.669214497,0.719714543,0.779289955,0.578196273,0.553986648,0.571961459
11,15.986668,2,,11,0.674535815,0.586773278,0.593357693,0.537916676,0.547516877,0.5646373,0.891827225,0.817554356,0.787998365,0.253134946,0.12148894,,0.798845117,0.759665513,0.79577367,0.662392146,0.558251975,0.759657349,0.745854734,0.668825322,0.626922762,0.679369486,0.71286493,0.583668299,0.689853543,0.723413967,0.782457692,0.539445376,0.518252212,0.465732143,0.413494975,0.455199984,0.434327512,0.61634729,0.61634729,0.626864939,0.676919533,0.722881236,0.688364576,0.571358454,0.482675845,0.532489741,0.649379926,0.738136215,0.672755238,0.652623385,0.592688224,0.619557716,0.846747652,0.758611334,0.783847876,0.499183698,0.555292994,0.528397467,0.73293418,0.778182782,0.746178934,0.629811768,0.663474254,0.671642876,0.663977713,0.614959793,0.642993686,0.727698375,0.761591329,0.745358516,0.638158483,0.669246732,0.656468992,0.523727824,0.516474747,0.519424811
12,16.133256,2,,12,0.667373145,0.571795865,0.641236583,0.841497815,0.83254157,0.865279855,0.689947795,0.731792295,0.677737348,0.77421924,0.843863951,0.798845117,,0.29283122,0.275717679,0.551426789,0.545941841,0.527885484,0.475662168,0.482812146,0.521289646,0.828218885,0.895924359,0.799938463,0.473446495,0.525558266,0.554239883,0.699564516,0.723867218,0.694562275,0.779482971,0.779253684,0.728172765,0.854661427,0.854661427,0.854941445,0.589852384,0.644662645,0.616544434,0.796751466,0.715388473,0.712324118,0.76773472,0.849752667,0.83843284,0.633122275,0.611764286,0.647646467,0.495778266,0.455461739,0.447937718,0.666188796,0.657154428,0.654733588,0.555263434,0.575265889,0.555173958,0.663192948,0.677541214,0.73282444,0.649138952,0.595259294,0.623464256,0.661345593,0.714467325,0.658134449,0.583397214,0.694827528,0.642789469,0.596554597,0.632639182,0.645712992
13,16.8375463,2,,13,0.528554942,0.435591357,0.537479166,0.76946634,0.783851177,0.821995587,0.582924822,0.641748267,0.591249896,0.798972395,0.812373867,0.759665513,0.29283122,,0.192897282,0.574422584,0.466384244,0.433143438,0.551869,0.446382614,0.531433553,0.792445643,0.883718548,0.768426745,0.534652416,0.586951412,0.656887464,0.679532289,0.697214319,0.667477862,0.731553967,0.726638362,0.686726914,0.733663837,0.733663837,0.725953121,0.588793337,0.576348797,0.594213435,0.778882126,0.677685914,0.65678879,0.696255171,0.775287376,0.762459543,0.555837119,0.558215622,0.54993382,0.453874383,0.455954256,0.483158816,0.644239364,0.678795342,0.635497812,0.537217898,0.525153528,0.564918148,0.615854271,0.639126898,0.674423344,0.584726268,0.51643445,0.567488277,0.595563366,0.655197653,0.647867139,0.596873648,0.55249174,0.629435514,0.513586967,0.57993446,0.576339799
14,16.7564939,2,,14,0.574191497,0.476793426,0.539465112,0.821751132,0.844457275,0.866138273,0.585648447,0.638463365,0.581116237,0.814935734,0.849115452,0.79577367,0.275717679,0.192897282,,0.553786556,0.547141291,0.543829451,0.519813139,0.471646446,0.574162977,0.799345548,0.877765298,0.792262196,0.529724679,0.589951178,0.642476457,0.675765495,0.717592626,0.674442286,0.722565117,0.731458295,0.686615191,0.726823436,0.726823436,0.735631266,0.569314622,0.572687134,0.57644154,0.754545368,0.687234266,0.665671932,0.719978866,0.771579658,0.789972723,0.561275464,0.558565975,0.564449847,0.423123179,0.464686617,0.467562528,0.644591687,0.662252386,0.635475481,0.594655956,0.629335176,0.585327237,0.636975516,0.665728698,0.714891814,0.571616246,0.522956122,0.569821964,0.663844573,0.671341716,0.693269365,0.629891789,0.616687897,0.679681942,0.549169955,0.577293998,0.572444648
15,15.5239966,4,15.45707624,15,0.531697612,0.486353838,0.418255774,0.62619693,0.641937432,0.677591864,0.612263644,0.637953398,0.61925326,0.644718488,0.728538463,0.662392146,0.551426789,0.574422584,0.553786556,,0.263838613,0.385712924,0.47852567,0.418414467,0.464655154,0.546142525,0.668823359,0.521387625,0.494528441,0.517776332,0.544849377,0.457564837,0.453941124,0.498762174,0.643564542,0.655946344,0.632898446,0.622763397,0.622763397,0.626454243,0.562442248,0.576125517,0.585436367,0.493445118,0.493558763,0.456245437,0.597592379,0.618468167,0.58535414,0.361296664,0.34592398,0.328688548,0.466423413,0.357883128,0.38692225,0.631674135,0.652331837,0.55518845,0.495324828,0.537841146,0.488214916,0.493518647,0.517286278,0.539162314,0.542635663,0.475962638,0.495485187,0.535951519,0.57958868,0.543924858,0.442178121,0.463592488,0.476868869,0.433359574,0.513649586,0.582532593
16,15.3795712,4,0.518085004,16,0.412646589,0.287596675,0.291624755,0.569459694,0.583383726,0.611758319,0.575968982,0.531875673,0.551127139,0.572699982,0.595991266,0.558251975,0.545941841,0.466384244,0.547141291,0.263838613,,0.439763392,0.523392373,0.369388782,0.362511775,0.536449648,0.643316313,0.485258184,0.447648633,0.487446171,0.558845351,0.399829283,0.389663346,0.395976498,0.47925545,0.535218987,0.498151665,0.533311994,0.533311994,0.512258523,0.477986713,0.478183563,0.486493192,0.447963347,0.359969389,0.349616777,0.453693711,0.499818468,0.454312375,0.328319499,0.285214231,0.294287951,0.434725181,0.371387998,0.442215696,0.522854325,0.542556247,0.475932786,0.454845376,0.527495187,0.453626852,0.366879292,0.431668576,0.413698672,0.374731929,0.318594896,0.348856395,0.463434347,0.454616767,0.418564486,0.395923249,0.378957675,0.457858391,0.319693496,0.376528255,0.372833742
17,15.737279,4,,17,0.446499415,0.423975369,0.485812958,0.626188339,0.648474231,0.689642748,0.499663882,0.572352247,0.549889724,0.772875934,0.811537679,0.759657349,0.527885484,0.433143438,0.543829451,0.385712924,0.439763392,,0.586275794,0.399642974,0.579548396,0.756169121,0.89272319,0.711493813,0.524658864,0.535866775,0.686797893,0.638863291,0.653974712,0.612863748,0.694196478,0.7159262,0.691239238,0.892739363,0.892739363,0.825567554,0.556163288,0.526317398,0.568626193,0.746616432,0.677733368,0.594483974,0.686798343,0.732858766,0.669712643,0.555557814,0.533457547,0.495156215,0.483973449,0.432984228,0.469674416,0.679673628,0.774853286,0.647514237,0.424311561,0.391827538,0.382726886,0.632826326,0.646343665,0.658655964,0.627321945,0.532837213,0.569456178,0.569725996,0.628876837,0.584449329,0.537644732,0.483871789,0.537996228,0.449548553,0.575819634,0.566239515
18,15.6873659,4,,18,0.611674176,0.521137849,0.548726285,0.724963489,0.771877258,0.771326997,0.529947652,0.5548234,0.533689541,0.671814868,0.79683358,0.745854734,0.475662168,0.551869,0.519813139,0.47852567,0.523392373,0.586275794,,0.329341437,0.384784485,0.643699728,0.759718511,0.657924265,0.335691459,0.336873124,0.377967556,0.592319332,0.569334929,0.579839893,0.736934237,0.713575344,0.647619936,0.866624655,0.866624655,0.855446894,0.46746238,0.534253369,0.529933412,0.581222622,0.599944435,0.531419246,0.621671729,0.684382725,0.682281341,0.543467355,0.492621743,0.475845375,0.412399678,0.383314517,0.315612642,0.623788217,0.57356384,0.567974187,0.477321299,0.561199268,0.495748157,0.658348769,0.693725746,0.734465496,0.658137772,0.542468258,0.56467856,0.584783537,0.666175785,0.616788328,0.494885889,0.54828477,0.531769548,0.469521872,0.51598154,0.52659153
19,15.58333,4,,19,0.383616518,0.318598543,0.488228765,0.673443925,0.691231621,0.711597632,0.415389565,0.473295213,0.449242911,0.625969855,0.754143343,0.668825322,0.482812146,0.446382614,0.471646446,0.418414467,0.369388782,0.399642974,0.329341437,,0.187892877,0.674385282,0.814265563,0.651659533,0.347888385,0.34794675,0.441597148,0.567433689,0.529925457,0.538831753,0.644368769,0.6814574,0.622229126,0.724746456,0.724746456,0.767163633,0.448213842,0.489536233,0.472265936,0.595369114,0.544566745,0.498888256,0.493542457,0.584474797,0.542367747,0.488345157,0.474787186,0.463472763,0.364257898,0.337661171,0.329749522,0.567394553,0.516697472,0.525639596,0.442534922,0.422749164,0.365655232,0.556742785,0.588547135,0.593754318,0.489383859,0.412328968,0.462658255,0.424987887,0.578756699,0.441996372,0.457979973,0.483128836,0.583672281,0.343947364,0.436175289,0.419146657
2,15.4766659,4,,2,0.425115447,0.358979119,0.423645914,0.644845945,0.659436619,0.655228735,0.48444218,0.522893934,0.492656476,0.583164153,0.644957392,0.626922762,0.521289646,0.531433553,0.574162977,0.464655154,0.362511775,0.579548396,0.384784485,0.187892877,,0.688333955,0.797737153,0.648285269,0.349482533,0.365694155,0.447655628,0.534415316,0.568417549,0.511888891,0.659622852,0.643538757,0.578828325,0.694587973,0.694587973,0.728612893,0.42723735,0.487915315,0.45849128,0.565348587,0.571814627,0.457727975,0.524416495,0.586285595,0.559678617,0.463525534,0.452393867,0.448131684,0.422788985,0.416737829,0.398134663,0.563622763,0.495324242,0.547256989,0.495265459,0.55424867,0.46758322,0.544761513,0.585614917,0.591488916,0.488552332,0.421993218,0.468928293,0.429543946,0.566953225,0.439673579,0.485117746,0.543623549,0.571112852,0.379697885,0.414748678,0.4279764
21,14.4724856,4,,21,0.746739682,0.638883955,0.636118818,0.715825886,0.74636859,0.757371184,0.757473465,0.65917574,0.668764122,0.763433239,0.728732597,0.679369486,0.828218885,0.792445643,0.799345548,0.546142525,0.536449648,0.756169121,0.643699728,0.674385282,0.688333955,,0.276671381,0.251415184,0.659963212,0.692374267,0.732129471,0.479912556,0.476194763,0.492363189,0.66913729,0.663848953,0.629466231,0.555699376,0.555699376,0.636828822,0.678987685,0.686489644,0.677719482,0.399291945,0.415613759,0.365181998,0.511722253,0.435311299,0.456962891,0.517617322,0.466367953,0.511514665,0.614134392,0.563433812,0.563499547,0.625267617,0.637572154,0.555439417,0.568164384,0.647978831,0.633142744,0.457356351,0.522825654,0.522358262,0.498512679,0.495631347,0.471265996,0.683974736,0.716549166,0.797642276,0.448394462,0.497557646,0.445537764,0.495529652,0.488455515,0.486187378
22,14.2373698,4,,22,0.895288469,0.778678338,0.731518264,0.742355647,0.786897412,0.799154794,0.847617615,0.777394972,0.777662997,0.743245628,0.755295166,0.71286493,0.895924359,0.883718548,0.877765298,0.668823359,0.643316313,0.89272319,0.759718511,0.814265563,0.797737153,0.276671381,,0.259338558,0.739815823,0.778196573,0.891938723,0.553191444,0.558113949,0.558227789,0.681396638,0.685698887,0.654177499,0.626666443,0.626666443,0.653264165,0.758795348,0.77257717,0.764135931,0.392798763,0.474948213,0.486577532,0.624194692,0.527836953,0.568668256,0.683668594,0.586156766,0.641462481,0.719526189,0.684374994,0.682182674,0.654629299,0.681851671,0.613854436,0.674526418,0.772452763,0.787124725,0.441263882,0.484175847,0.513325447,0.524483612,0.546279673,0.562827343,0.762334823,0.768955823,0.772687848,0.529263824,0.537118127,0.517838255,0.673431676,0.538293239,0.547236514
23,14.328998,4,,23,0.726265232,0.637772434,0.631146326,0.535574357,0.573799873,0.589474215,0.719976744,0.659791682,0.663529112,0.613628781,0.616324418,0.583668299,0.799938463,0.768426745,0.792262196,0.521387625,0.485258184,0.711493813,0.657924265,0.651659533,0.648285269,0.251415184,0.259338558,,0.61585298,0.652783929,0.699954839,0.43247474,0.427772558,0.459441292,0.551312669,0.57877196,0.533727229,0.556224786,0.556224786,0.647691146,0.63869246,0.653948198,0.647691614,0.328596958,0.347346163,0.321823854,0.449491795,0.453452799,0.42379318,0.557656774,0.451451489,0.492128824,0.638434997,0.572251786,0.582415539,0.552571839,0.578874468,0.519246923,0.531269259,0.636274515,0.617834466,0.321155995,0.361162825,0.379542599,0.441224678,0.424285242,0.395153676,0.619625766,0.632984612,0.634161334,0.374384886,0.393548256,0.382531424,0.45314219,0.398659459,0.427478815
24,16.1567719,4,,24,0.614359614,0.533344578,0.56671757,0.628392988,0.664791956,0.663252213,0.563714142,0.56135816,0.544919451,0.618439644,0.718474146,0.689853543,0.473446495,0.534652416,0.529724679,0.494528441,0.447648633,0.524658864,0.335691459,0.347888385,0.349482533,0.659963212,0.739815823,0.61585298,,0.159927142,0.194842264,0.554143249,0.525842884,0.539466336,0.693883969,0.717497218,0.643944163,0.754482366,0.754482366,0.834845487,0.457262352,0.538885289,0.525726757,0.595831412,0.563844885,0.53915182,0.558594397,0.666957371,0.615345314,0.565416819,0.568162446,0.495749726,0.447239387,0.419382988,0.34722376,0.654382255,0.616881468,0.621434726,0.446929298,0.511129366,0.479338513,0.542668537,0.573349699,0.596994465,0.527585678,0.469142872,0.49439166,0.498883652,0.572129188,0.521424233,0.418244947,0.511487512,0.494243832,0.451671487,0.451698166,0.474565291
25,16.15274,4,,25,0.61295472,0.553712265,0.594983234,0.662856515,0.695562816,0.688625987,0.565119439,0.571849581,0.563512916,0.633898774,0.753862256,0.723413967,0.525558266,0.586951412,0.589951178,0.517776332,0.487446171,0.535866775,0.336873124,0.34794675,0.365694155,0.692374267,0.778196573,0.652783929,0.159927142,,0.167729167,0.595796737,0.555746265,0.582723456,0.732162299,0.755294684,0.684199334,0.796142874,0.796142874,0.851412142,0.488331635,0.567643113,0.553468232,0.621546316,0.651252531,0.569322494,0.581889261,0.689467865,0.631684663,0.649926598,0.55212194,0.533415554,0.468949415,0.429946615,0.369931314,0.687821614,0.62817738,0.646817759,0.457683611,0.588761322,0.483691117,0.596899922,0.624161592,0.642575296,0.574141771,0.513765575,0.539467483,0.518442451,0.594758898,0.523241217,0.454348852,0.548525682,0.522889642,0.479789793,0.491478563,0.537289157
26,16.748341,4,,26,0.719161372,0.648163593,0.681716265,0.724947234,0.756754666,0.752715986,0.678342714,0.675371985,0.663973433,0.666791769,0.828453699,0.782457692,0.554239883,0.656887464,0.642476457,0.544849377,0.558845351,0.686797893,0.377967556,0.441597148,0.447655628,0.732129471,0.891938723,0.699954839,0.194842264,0.167729167,,0.662546873,0.62859449,0.662996615,0.826475192,0.833975148,0.764521972,0.855475317,0.855475317,0.989295336,0.575375966,0.671467585,0.648187973,0.657925669,0.668289778,0.636388225,0.675224792,0.764673385,0.712481915,0.666287792,0.614127635,0.598443223,0.556974364,0.497129969,0.429875379,0.763621684,0.671328945,0.712944154,0.537782662,0.594396296,0.564926345,0.663879729,0.689467672,0.775851563,0.662236457,0.677824322,0.626814569,0.577112488,0.643285662,0.579987835,0.499393372,0.675986883,0.574739934,0.566773216,0.569471393,0.592692299
27,16.15538,6,16.27981737,27,0.575122486,0.578251594,0.431165977,0.537811591,0.53274438,0.524819154,0.66987113,0.666484439,0.661781715,0.575214442,0.558688286,0.539445376,0.699564516,0.679532289,0.675765495,0.457564837,0.399829283,0.638863291,0.592319332,0.567433689,0.534415316,0.479912556,0.553191444,0.43247474,0.554143249,0.595796737,0.662546873,,0.139997159,0.285468244,0.529456952,0.559733965,0.52636218,0.564733454,0.564733454,0.585269343,0.512397291,0.553624173,0.566779825,0.394294235,0.432843686,0.374425732,0.545665492,0.537961912,0.544999523,0.396234957,0.347755573,0.378144366,0.571672535,0.476621137,0.512293366,0.612368522,0.629865753,0.57986732,0.629172233,0.741286285,0.669137844,0.436629932,0.467779778,0.537151877,0.477217242,0.464343783,0.465931932,0.653531749,0.739998771,0.66862757,0.528278391,0.536116644,0.56773329,0.479347187,0.467666728,0.462556594
28,16.6279862,6,0.485571463,28,0.539399515,0.487431533,0.481771646,0.432739236,0.46568743,0.449921483,0.698352189,0.595128834,0.685744382,0.54176378,0.547516612,0.518252212,0.723867218,0.697214319,0.717592626,0.453941124,0.389663346,0.653974712,0.569334929,0.529925457,0.568417549,0.476194763,0.558113949,0.427772558,0.525842884,0.555746265,0.62859449,0.139997159,,0.157491124,0.484819962,0.526112137,0.483949772,0.574869536,0.574869536,0.623936162,0.473958116,0.514517128,0.475717371,0.363759959,0.399128879,0.323734842,0.461962419,0.497238612,0.468515912,0.418821669,0.34117713,0.36774983,0.561564956,0.475558448,0.538362993,0.572137495,0.587541828,0.537847262,0.585783496,0.661317478,0.632541747,0.421887872,0.456847425,0.48793119,0.454239998,0.43434288,0.436214293,0.595652144,0.646676474,0.614394369,0.489627981,0.514229189,0.526629224,0.427725766,0.411732166,0.466823367
29,16.565339,6,,29,0.551161249,0.47614614,0.414389793,0.416676928,0.452374198,0.455892317,0.693459497,0.58134348,0.572387166,0.517542746,0.49747712,0.465732143,0.694562275,0.667477862,0.674442286,0.498762174,0.395976498,0.612863748,0.579839893,0.538831753,0.511888891,0.492363189,0.558227789,0.459441292,0.539466336,0.582723456,0.662996615,0.285468244,0.157491124,,0.395674412,0.425441172,0.381854197,0.589447242,0.589447242,0.62457516,0.423638499,0.477331754,0.433475259,0.389725317,0.339654485,0.299553633,0.427469529,0.495776697,0.461247931,0.447142915,0.352336945,0.383224793,0.579593633,0.487947186,0.526826895,0.467629962,0.515586998,0.455472254,0.559127544,0.632656849,0.674555637,0.413185556,0.452811413,0.485752193,0.43231777,0.464964187,0.4133978,0.577534487,0.622136265,0.594485252,0.469267371,0.496294364,0.511655794,0.394817958,0.364642693,0.363979551
3,14.8725526,6,,3,0.593397386,0.529879484,0.452967885,0.498116463,0.52791259,0.545863846,0.629793382,0.654495194,0.574699744,0.516118479,0.469949466,0.413494975,0.779482971,0.731553967,0.722565117,0.643564542,0.47925545,0.694196478,0.736934237,0.644368769,0.659622852,0.66913729,0.681396638,0.551312669,0.693883969,0.732162299,0.826475192,0.529456952,0.484819962,0.395674412,,0.173992265,0.176111258,0.525627656,0.525627656,0.578962388,0.535756993,0.553391338,0.526272742,0.536732492,0.387828844,0.393899749,0.493678667,0.688466837,0.556797788,0.569933852,0.467832955,0.519345154,0.721268777,0.716551436,0.738119612,0.377119714,0.493441132,0.428932277,0.647761284,0.71747528,0.691117519,0.532828573,0.565483889,0.591861435,0.513228753,0.475416785,0.489475792,0.597799898,0.617157295,0.613179815,0.595272219,0.619266244,0.648656169,0.441267118,0.395781329,0.461739273
31,15.387967,6,,31,0.676153599,0.556133367,0.567838879,0.539754888,0.577543996,0.695924631,0.665522458,0.641884915,0.62858282,0.548165962,0.523562592,0.455199984,0.779253684,0.726638362,0.731458295,0.655946344,0.535218987,0.7159262,0.713575344,0.6814574,0.643538757,0.663848953,0.685698887,0.57877196,0.717497218,0.755294684,0.833975148,0.559733965,0.526112137,0.425441172,0.173992265,,0.127983794,0.58536828,0.58536828,0.632748269,0.536339777,0.519113589,0.54883522,0.535167811,0.4947673,0.486747712,0.561869479,0.661958478,0.624489134,0.58734147,0.475252284,0.58554614,0.741299124,0.717292557,0.752469538,0.367923853,0.495961468,0.415143462,0.672282623,0.733745775,0.71625842,0.597794256,0.631274178,0.681262621,0.581774878,0.537969613,0.547362977,0.647549974,0.669217768,0.669689788,0.618779292,0.643832614,0.668928242,0.484676897,0.435517837,0.455825535
32,15.4219446,6,,32,0.632612975,0.527616856,0.482129652,0.571639634,0.545642757,0.558854761,0.624142757,0.591887457,0.556493432,0.497395756,0.497462899,0.434327512,0.728172765,0.686726914,0.686615191,0.632898446,0.498151665,0.691239238,0.647619936,0.622229126,0.578828325,0.629466231,0.654177499,0.533727229,0.643944163,0.684199334,0.764521972,0.52636218,0.483949772,0.381854197,0.176111258,0.127983794,,0.569212419,0.569212419,0.626976189,0.482976464,0.478476219,0.498784253,0.495137178,0.361787875,0.362814945,0.558591826,0.623398667,0.581829141,0.55567989,0.428811739,0.466357158,0.687598667,0.671592387,0.691152596,0.314149373,0.422532548,0.368628318,0.619752376,0.695421199,0.669327824,0.551527579,0.586678252,0.635253167,0.527648433,0.485186356,0.494268249,0.62125397,0.629448945,0.616467714,0.553942797,0.637567485,0.61521437,0.438247636,0.377222639,0.498125575
33,17.3442117,6,,33,0.648797387,0.556151787,0.491662983,0.741758947,0.763921427,0.765168716,0.716425853,0.685714858,0.672576744,0.687362396,0.666655447,0.61634729,0.854661427,0.733663837,0.726823436,0.622763397,0.533311994,0.892739363,0.866624655,0.724746456,0.694587973,0.555699376,0.626666443,0.556224786,0.754482366,0.796142874,0.855475317,0.564733454,0.574869536,0.589447242,0.525627656,0.58536828,0.569212419,,,0.159592888,0.773227542,0.728746722,0.758516855,0.485859779,0.581814358,0.481535882,0.621622973,0.576634317,0.688524445,0.47527794,0.455279748,0.51442313,0.724973166,0.745496314,0.758898875,0.648191819,0.682918159,0.638557634,0.76741579,0.837975298,0.796998172,0.547842998,0.654581329,0.611171463,0.52857159,0.524141739,0.535881559,0.646696682,0.677325938,0.666318439,0.649759182,0.627155731,0.676999378,0.55398744,0.529255728,0.523637586
34,17.3442117,6,,34,0.648797387,0.556151787,0.491662983,0.741758947,0.763921427,0.765168716,0.716425853,0.685714858,0.672576744,0.687362396,0.666655447,0.61634729,0.854661427,0.733663837,0.726823436,0.622763397,0.533311994,0.892739363,0.866624655,0.724746456,0.694587973,0.555699376,0.626666443,0.556224786,0.754482366,0.796142874,0.855475317,0.564733454,0.574869536,0.589447242,0.525627656,0.58536828,0.569212419,,,0.159592888,0.773227542,0.728746722,0.758516855,0.485859779,0.581814358,0.481535882,0.621622973,0.576634317,0.688524445,0.47527794,0.455279748,0.51442313,0.724973166,0.745496314,0.758898875,0.648191819,0.682918159,0.638557634,0.76741579,0.837975298,0.796998172,0.547842998,0.654581329,0.611171463,0.52857159,0.524141739,0.535881559,0.646696682,0.677325938,0.666318439,0.649759182,0.627155731,0.676999378,0.55398744,0.529255728,0.523637586
35,17.2745149,6,,35,0.677765132,0.583888817,0.533343697,0.791814152,0.851823536,0.818766124,0.771543266,0.773319697,0.754144419,0.712612128,0.673652564,0.626864939,0.854941445,0.725953121,0.735631266,0.626454243,0.512258523,0.825567554,0.855446894,0.767163633,0.728612893,0.636828822,0.653264165,0.647691146,0.834845487,0.851412142,0.989295336,0.585269343,0.623936162,0.62457516,0.578962388,0.632748269,0.626976189,0.159592888,0.159592888,,0.831675,0.792379875,0.816572556,0.566779328,0.551959264,0.558251159,0.769623479,0.659416859,0.671628553,0.483745658,0.494993465,0.54173416,0.772473519,0.766481227,0.791764818,0.697253159,0.735385239,0.684515247,0.894638783,0.877774946,0.823466635,0.579682488,0.629668617,0.638643397,0.577731852,0.57692942,0.585917952,0.744397474,0.726831226,0.71594178,0.689611186,0.647924152,0.711429478,0.611185226,0.683949779,0.635783226
36,16.431279,6,,36,0.558332533,0.471853719,0.467982848,0.589899512,0.633161774,0.642112527,0.491139696,0.491234922,0.458496629,0.686473292,0.716778459,0.676919533,0.589852384,0.588793337,0.569314622,0.562442248,0.477986713,0.556163288,0.46746238,0.448213842,0.42723735,0.678987685,0.758795348,0.63869246,0.457262352,0.488331635,0.575375966,0.512397291,0.473958116,0.423638499,0.535756993,0.536339777,0.482976464,0.773227542,0.773227542,0.831675,,0.195413229,0.161376238,0.575746212,0.523261854,0.451748382,0.477636852,0.585633916,0.567582112,0.529751445,0.456337323,0.468735412,0.442385499,0.429916337,0.441629195,0.531337132,0.526136931,0.494713943,0.518994542,0.573155881,0.542963354,0.561235327,0.644347779,0.636689648,0.494825174,0.445626115,0.468516143,0.575373624,0.626578513,0.581819179,0.566375764,0.668668597,0.62488414,0.424127125,0.42619266,0.426436185
37,16.475634,6,,37,0.525313719,0.441455562,0.421384721,0.637536183,0.646219331,0.667511417,0.429555935,0.438495574,0.445395699,0.767435287,0.776681263,0.722881236,0.644662645,0.576348797,0.572687134,0.576125517,0.478183563,0.526317398,0.534253369,0.489536233,0.487915315,0.686489644,0.77257717,0.653948198,0.538885289,0.567643113,0.671467585,0.553624173,0.514517128,0.477331754,0.553391338,0.519113589,0.478476219,0.728746722,0.728746722,0.792379875,0.195413229,,0.191617376,0.675915179,0.532736217,0.454137962,0.471541692,0.572526499,0.565131451,0.5166568,0.446864975,0.453781865,0.42296384,0.475832115,0.523694523,0.527557424,0.595184156,0.528358667,0.517535256,0.571816126,0.5517382,0.567317637,0.611294264,0.642818879,0.488831215,0.435221456,0.456851168,0.587153367,0.649162833,0.697527176,0.624527849,0.635831582,0.644417789,0.421523235,0.441843233,0.43243532
38,16.35613,6,,38,0.57976897,0.443958399,0.427373282,0.642382263,0.644867268,0.653124538,0.475537752,0.485575187,0.455437893,0.715995537,0.728632771,0.688364576,0.616544434,0.594213435,0.57644154,0.585436367,0.486493192,0.568626193,0.529933412,0.472265936,0.45849128,0.677719482,0.764135931,0.647691614,0.525726757,0.553468232,0.648187973,0.566779825,0.475717371,0.433475259,0.526272742,0.54883522,0.498784253,0.758516855,0.758516855,0.816572556,0.161376238,0.191617376,,0.593469841,0.532653924,0.459222697,0.459136636,0.547463768,0.546375486,0.523911766,0.473548179,0.482763916,0.434784324,0.453584684,0.475431395,0.514927225,0.556284834,0.514943987,0.512632687,0.578764457,0.543212594,0.552981363,0.597294173,0.621558843,0.477342765,0.434246124,0.456346143,0.655377367,0.659997247,0.621362123,0.595533425,0.617146837,0.637453239,0.421518978,0.443565253,0.427878556
39,15.6669846,6,,39,0.668755129,0.558971727,0.485985782,0.618761279,0.659243815,0.647578782,0.668341642,0.629613675,0.634989685,0.555632795,0.611514797,0.571358454,0.796751466,0.778882126,0.754545368,0.493445118,0.447963347,0.746616432,0.581222622,0.595369114,0.565348587,0.399291945,0.392798763,0.328596958,0.595831412,0.621546316,0.657925669,0.394294235,0.363759959,0.389725317,0.536732492,0.535167811,0.495137178,0.485859779,0.485859779,0.566779328,0.575746212,0.675915179,0.593469841,,0.277546193,0.253718886,0.487494242,0.421996744,0.461336593,0.439123451,0.365279918,0.417669643,0.651637977,0.562692347,0.553884784,0.525942114,0.494976361,0.454494226,0.622153987,0.712973297,0.677626844,0.464251293,0.522111497,0.537466751,0.475284288,0.47336478,0.464344664,0.616725816,0.642572175,0.626549145,0.476761746,0.598741916,0.512665217,0.442159161,0.442337292,0.436613439
4,15.9793752,6,,4,0.615472939,0.48966853,0.46989738,0.543612867,0.574769843,0.597899789,0.633771886,0.599621666,0.582965853,0.511727843,0.521338948,0.482675845,0.715388473,0.677685914,0.687234266,0.493558763,0.359969389,0.677733368,0.599944435,0.544566745,0.571814627,0.415613759,0.474948213,0.347346163,0.563844885,0.651252531,0.668289778,0.432843686,0.399128879,0.339654485,0.387828844,0.4947673,0.361787875,0.581814358,0.581814358,0.551959264,0.523261854,0.532736217,0.532653924,0.277546193,,0.215838778,0.412917872,0.444517622,0.424983364,0.447977484,0.359256225,0.451962181,0.597476678,0.539533977,0.552164432,0.384437141,0.384435217,0.334483713,0.539649264,0.629139424,0.582785231,0.384553232,0.435616423,0.453385182,0.413283253,0.389788898,0.394231755,0.516121434,0.542836433,0.532791549,0.398663212,0.438733488,0.459138467,0.366639858,0.322164915,0.343965923
41,16.29375,6,,41,0.52139333,0.416242556,0.382163887,0.471591215,0.513961828,0.529165964,0.533923476,0.499639185,0.491415181,0.538812624,0.546455824,0.532489741,0.712324118,0.65678879,0.665671932,0.456245437,0.349616777,0.594483974,0.531419246,0.498888256,0.457727975,0.365181998,0.486577532,0.321823854,0.53915182,0.569322494,0.636388225,0.374425732,0.323734842,0.299553633,0.393899749,0.486747712,0.362814945,0.481535882,0.481535882,0.558251159,0.451748382,0.454137962,0.459222697,0.253718886,0.215838778,,0.328593454,0.367673243,0.354693173,0.378131869,0.285131973,0.329396584,0.524823867,0.544492938,0.516653915,0.411779178,0.439299484,0.386634295,0.488696481,0.583148477,0.52917478,0.387911315,0.455127434,0.461353455,0.387493757,0.343493286,0.348753416,0.492964583,0.536656568,0.519299147,0.389341871,0.434968357,0.425627592,0.276526292,0.263396836,0.284636384
42,15.2165593,1,16.00007747,42,0.497364445,0.45676148,0.462634145,0.564822313,0.649538583,0.614533814,0.426982936,0.358722698,0.366942384,0.682359134,0.681271126,0.649379926,0.76773472,0.696255171,0.719978866,0.597592379,0.453693711,0.686798343,0.621671729,0.493542457,0.524416495,0.511722253,0.624194692,0.449491795,0.558594397,0.581889261,0.675224792,0.545665492,0.461962419,0.427469529,0.493678667,0.561869479,0.558591826,0.621622973,0.621622973,0.769623479,0.477636852,0.471541692,0.459136636,0.487494242,0.412917872,0.328593454,,0.2691713,0.164226229,0.564335756,0.493798828,0.522278246,0.517347547,0.521492129,0.534266325,0.469511349,0.565992135,0.465168155,0.392129683,0.495924616,0.454138614,0.398981629,0.458633758,0.426888362,0.393731639,0.278911959,0.284119172,0.422389525,0.451995882,0.451183838,0.397787676,0.414774197,0.417518423,0.276538313,0.285174573,0.271698283
43,15.537252,1,0.491070841,43,0.57633686,0.517392374,0.488364343,0.732335915,0.765771359,0.776875499,0.516867476,0.466894782,0.479725829,0.772281343,0.772771533,0.738136215,0.849752667,0.775287376,0.771579658,0.618468167,0.499818468,0.732858766,0.684382725,0.584474797,0.586285595,0.435311299,0.527836953,0.453452799,0.666957371,0.689467865,0.764673385,0.537961912,0.497238612,0.495776697,0.688466837,0.661958478,0.623398667,0.576634317,0.576634317,0.659416859,0.585633916,0.572526499,0.547463768,0.421996744,0.444517622,0.367673243,0.2691713,,0.212136847,0.535123571,0.512591575,0.553341842,0.533528735,0.542451974,0.557791837,0.577889665,0.586796689,0.533284659,0.515916647,0.615227691,0.566498972,0.438298329,0.512845898,0.468517888,0.342187537,0.364675212,0.354819313,0.536244757,0.566573555,0.567116162,0.493318512,0.464441115,0.498596538,0.396821843,0.417448435,0.374368187
44,15.1329754,1,,44,0.541855192,0.493833338,0.486922414,0.625166114,0.651825787,0.666935856,0.495781642,0.437446218,0.453419739,0.698972778,0.699465614,0.672755238,0.83843284,0.762459543,0.789972723,0.58535414,0.454312375,0.669712643,0.682281341,0.542367747,0.559678617,0.456962891,0.568668256,0.42379318,0.615345314,0.631684663,0.712481915,0.544999523,0.468515912,0.461247931,0.556797788,0.624489134,0.581829141,0.688524445,0.688524445,0.671628553,0.567582112,0.565131451,0.546375486,0.461336593,0.424983364,0.354693173,0.164226229,0.212136847,,0.56332426,0.517745564,0.541425714,0.568388527,0.543777881,0.564263587,0.551269336,0.558869977,0.519581513,0.445455696,0.546452568,0.495982369,0.426346663,0.462951413,0.443889322,0.345962883,0.334276761,0.329998387,0.435619864,0.453564884,0.466151984,0.418477167,0.415337842,0.428566881,0.339863165,0.358137664,0.334325792
45,16.38939,1,,45,0.461125365,0.375438884,0.371553179,0.665492763,0.693127512,0.697992968,0.541646372,0.575515115,0.562291268,0.667638984,0.69894756,0.652623385,0.633122275,0.555837119,0.561275464,0.361296664,0.328319499,0.555557814,0.543467355,0.488345157,0.463525534,0.517617322,0.683668594,0.557656774,0.565416819,0.649926598,0.666287792,0.396234957,0.418821669,0.447142915,0.569933852,0.58734147,0.55567989,0.47527794,0.47527794,0.483745658,0.529751445,0.5166568,0.523911766,0.439123451,0.447977484,0.378131869,0.564335756,0.535123571,0.56332426,,0.18371245,0.178541482,0.473538124,0.44686856,0.467933282,0.627286889,0.618699566,0.565186817,0.59951963,0.672683526,0.587956836,0.536426917,0.583166967,0.635334484,0.577739279,0.474854463,0.488629832,0.583521969,0.645376912,0.655541876,0.545697746,0.591528342,0.581463347,0.463459588,0.519398756,0.515757196
46,16.268186,1,,46,0.512791794,0.395415544,0.314848655,0.55699852,0.594433774,0.627331189,0.513285171,0.512742738,0.497562523,0.639333936,0.645694227,0.592688224,0.611764286,0.558215622,0.558565975,0.34592398,0.285214231,0.533457547,0.492621743,0.474787186,0.452393867,0.466367953,0.586156766,0.451451489,0.568162446,0.55212194,0.614127635,0.347755573,0.34117713,0.352336945,0.467832955,0.475252284,0.428811739,0.455279748,0.455279748,0.494993465,0.456337323,0.446864975,0.473548179,0.365279918,0.359256225,0.285131973,0.493798828,0.512591575,0.517745564,0.18371245,,0.957745525,0.458261617,0.429442176,0.445215574,0.531497748,0.528625762,0.485987897,0.543692166,0.626433314,0.567956279,0.446989682,0.494721875,0.537862855,0.437738716,0.398142416,0.439322714,0.515942324,0.568658353,0.533379255,0.462775471,0.461388458,0.516546778,0.399492645,0.411263475,0.428935494
47,16.278233,1,,47,0.495744288,0.422919256,0.338512889,0.565237811,0.599349344,0.694392883,0.51277752,0.525919976,0.512528282,0.628712927,0.671853288,0.619557716,0.647646467,0.54993382,0.564449847,0.328688548,0.294287951,0.495156215,0.475845375,0.463472763,0.448131684,0.511514665,0.641462481,0.492128824,0.495749726,0.533415554,0.598443223,0.378144366,0.36774983,0.383224793,0.519345154,0.58554614,0.466357158,0.51442313,0.51442313,0.54173416,0.468735412,0.453781865,0.482763916,0.417669643,0.451962181,0.329396584,0.522278246,0.553341842,0.541425714,0.178541482,0.957745525,,0.459924899,0.417684392,0.434974224,0.563217155,0.551797857,0.512228828,0.532655744,0.669325452,0.542251811,0.495448737,0.538792249,0.578392713,0.492337685,0.44183435,0.447753377,0.536451436,0.594389613,0.553722864,0.472714168,0.465945682,0.522312595,0.424985647,0.456674244,0.474145853
48,16.1526978,1,,48,0.513358978,0.443435176,0.465782479,0.753629883,0.787178863,0.794868346,0.423559519,0.447565587,0.429513838,0.843885885,0.896858173,0.846747652,0.495778266,0.453874383,0.423123179,0.466423413,0.434725181,0.483973449,0.412399678,0.364257898,0.422788985,0.614134392,0.719526189,0.638434997,0.447239387,0.468949415,0.556974364,0.571672535,0.561564956,0.579593633,0.721268777,0.741299124,0.687598667,0.724973166,0.724973166,0.772473519,0.442385499,0.42296384,0.434784324,0.651637977,0.597476678,0.524823867,0.517347547,0.533528735,0.568388527,0.473538124,0.458261617,0.459924899,,0.274649418,0.247947399,0.651122738,0.642858782,0.673646791,0.426997663,0.485678362,0.456959499,0.49915625,0.536342624,0.562211564,0.423643627,0.385232795,0.447758756,0.532953176,0.598398261,0.54411988,0.494125756,0.481245859,0.533889326,0.441788964,0.488435259,0.473693355
49,16.871616,1,,49,0.521748774,0.431965213,0.457623886,0.791928144,0.736112767,0.75989599,0.48535864,0.518632782,0.499793885,0.742365974,0.812979772,0.758611334,0.455461739,0.455954256,0.464686617,0.357883128,0.371387998,0.432984228,0.383314517,0.337661171,0.416737829,0.563433812,0.684374994,0.572251786,0.419382988,0.429946615,0.497129969,0.476621137,0.475558448,0.487947186,0.716551436,0.717292557,0.671592387,0.745496314,0.745496314,0.766481227,0.429916337,0.475832115,0.453584684,0.562692347,0.539533977,0.544492938,0.521492129,0.542451974,0.543777881,0.44686856,0.429442176,0.417684392,0.274649418,,0.139944555,0.627592546,0.599748119,0.553771354,0.382446837,0.42155,0.397512293,0.479698597,0.511943161,0.538734732,0.447597932,0.43318323,0.423393119,0.516246161,0.578614259,0.526937848,0.437335489,0.496369242,0.468495284,0.424253961,0.492428851,0.474614364
5,16.1867546,1,,5,0.545897145,0.467218448,0.49175264,0.729917484,0.762641917,0.774745541,0.492931417,0.515433978,0.516826689,0.74191113,0.825787148,0.783847876,0.447937718,0.483158816,0.467562528,0.38692225,0.442215696,0.469674416,0.315612642,0.329749522,0.398134663,0.563499547,0.682182674,0.582415539,0.34722376,0.369931314,0.429875379,0.512293366,0.538362993,0.526826895,0.738119612,0.752469538,0.691152596,0.758898875,0.758898875,0.791764818,0.441629195,0.523694523,0.475431395,0.553884784,0.552164432,0.516653915,0.534266325,0.557791837,0.564263587,0.467933282,0.445215574,0.434974224,0.247947399,0.139944555,,0.642328339,0.592129934,0.569348459,0.389281532,0.441352832,0.415793618,0.499466124,0.531361921,0.559214435,0.457681856,0.416997253,0.433297241,0.519643967,0.587942466,0.537596559,0.427231887,0.435823646,0.464115886,0.436494381,0.492264584,0.479642687
51,16.615122,1,,51,0.625793589,0.581126886,0.521742149,0.619824394,0.636545556,0.672331766,0.628387338,0.612316117,0.567735464,0.545186144,0.553344395,0.499183698,0.666188796,0.644239364,0.644591687,0.631674135,0.522854325,0.679673628,0.623788217,0.567394553,0.563622763,0.625267617,0.654629299,0.552571839,0.654382255,0.687821614,0.763621684,0.612368522,0.572137495,0.467629962,0.377119714,0.367923853,0.314149373,0.648191819,0.648191819,0.697253159,0.531337132,0.527557424,0.514927225,0.525942114,0.384437141,0.411779178,0.469511349,0.577889665,0.551269336,0.627286889,0.531497748,0.563217155,0.651122738,0.627592546,0.642328339,,0.232697817,0.164732187,0.538228834,0.591515875,0.577428861,0.541753864,0.584442796,0.614779121,0.552418913,0.448617749,0.47274747,0.583221155,0.659132224,0.599596525,0.498569539,0.547872912,0.546349557,0.383215754,0.363526285,0.371383853
52,16.5118385,1,,52,0.63848733,0.523272534,0.541761645,0.672142593,0.698244987,0.718913644,0.652225912,0.642669772,0.619564994,0.54687688,0.585914456,0.555292994,0.657154428,0.678795342,0.662252386,0.652331837,0.542556247,0.774853286,0.57356384,0.516697472,0.495324242,0.637572154,0.681851671,0.578874468,0.616881468,0.62817738,0.671328945,0.629865753,0.587541828,0.515586998,0.493441132,0.495961468,0.422532548,0.682918159,0.682918159,0.735385239,0.526136931,0.595184156,0.556284834,0.494976361,0.384435217,0.439299484,0.565992135,0.586796689,0.558869977,0.618699566,0.528625762,0.551797857,0.642858782,0.599748119,0.592129934,0.232697817,,0.214831293,0.542168417,0.613174178,0.5635759,0.571858296,0.68241197,0.632991498,0.529391997,0.483988631,0.549922456,0.547567346,0.572966714,0.565654943,0.477398183,0.576732794,0.562292243,0.427761716,0.413214747,0.427361278
53,16.5867653,1,,53,0.614362374,0.475193864,0.482491412,0.642455239,0.677753738,0.711367539,0.596782543,0.594426422,0.55351977,0.543767525,0.589255753,0.528397467,0.654733588,0.635497812,0.635475481,0.55518845,0.475932786,0.647514237,0.567974187,0.525639596,0.547256989,0.555439417,0.613854436,0.519246923,0.621434726,0.646817759,0.712944154,0.57986732,0.537847262,0.455472254,0.428932277,0.415143462,0.368628318,0.638557634,0.638557634,0.684515247,0.494713943,0.528358667,0.514943987,0.454494226,0.334483713,0.386634295,0.465168155,0.533284659,0.519581513,0.565186817,0.485987897,0.512228828,0.673646791,0.553771354,0.569348459,0.164732187,0.214831293,,0.496453494,0.545595637,0.534145533,0.538854346,0.584654978,0.661746151,0.495898985,0.44951877,0.471292457,0.568286722,0.592974718,0.58214744,0.457543236,0.491851459,0.494529149,0.366134165,0.383642184,0.365178337
54,15.3655533,1,,54,0.554726346,0.478321284,0.551521547,0.654335456,0.689293449,0.733559324,0.473564493,0.469387849,0.448367188,0.725989659,0.78786438,0.73293418,0.555263434,0.537217898,0.594655956,0.495324828,0.454845376,0.424311561,0.477321299,0.442534922,0.495265459,0.568164384,0.674526418,0.531269259,0.446929298,0.457683611,0.537782662,0.629172233,0.585783496,0.559127544,0.647761284,0.672282623,0.619752376,0.76741579,0.76741579,0.894638783,0.518994542,0.517535256,0.512632687,0.622153987,0.539649264,0.488696481,0.392129683,0.515916647,0.445455696,0.59951963,0.543692166,0.532655744,0.426997663,0.382446837,0.389281532,0.538228834,0.542168417,0.496453494,,0.185249592,0.173266921,0.479396221,0.511166524,0.511326753,0.459185515,0.379678697,0.394371979,0.473491885,0.51363654,0.489641752,0.296179768,0.292137438,0.292449644,0.337119234,0.419727148,0.417997285
55,15.5133639,1,,55,0.569957647,0.492372613,0.594581585,0.717956262,0.741974365,0.797239548,0.498285854,0.524532969,0.523554457,0.775477776,0.828637836,0.778182782,0.575265889,0.525153528,0.629335176,0.537841146,0.527495187,0.391827538,0.561199268,0.422749164,0.55424867,0.647978831,0.772452763,0.636274515,0.511129366,0.588761322,0.594396296,0.741286285,0.661317478,0.632656849,0.71747528,0.733745775,0.695421199,0.837975298,0.837975298,0.877774946,0.573155881,0.571816126,0.578764457,0.712973297,0.629139424,0.583148477,0.495924616,0.615227691,0.546452568,0.672683526,0.626433314,0.669325452,0.485678362,0.42155,0.441352832,0.591515875,0.613174178,0.545595637,0.185249592,,0.186968514,0.593453524,0.621199516,0.619461453,0.564431511,0.477553186,0.596825942,0.535637924,0.585186658,0.554921968,0.413367694,0.364873121,0.372291198,0.392349949,0.566323189,0.481847384
56,15.374855,1,,56,0.52297646,0.434561296,0.548326643,0.696223612,0.714682563,0.758419174,0.476911222,0.515653958,0.488248982,0.73983238,0.788978796,0.746178934,0.555173958,0.564918148,0.585327237,0.488214916,0.453626852,0.382726886,0.495748157,0.365655232,0.46758322,0.633142744,0.787124725,0.617834466,0.479338513,0.483691117,0.564926345,0.669137844,0.632541747,0.674555637,0.691117519,0.71625842,0.669327824,0.796998172,0.796998172,0.823466635,0.542963354,0.5517382,0.543212594,0.677626844,0.582785231,0.52917478,0.454138614,0.566498972,0.495982369,0.587956836,0.567956279,0.542251811,0.456959499,0.397512293,0.415793618,0.577428861,0.5635759,0.534145533,0.173266921,0.186968514,,0.559571718,0.592547686,0.582978217,0.535156476,0.443883367,0.477617214,0.481759843,0.532851317,0.499114682,0.377315185,0.344413967,0.374462948,0.362253532,0.481734727,0.475724424
57,16.6885327,11,16.87989391,57,0.616455773,0.535688188,0.522942377,0.549326467,0.572237196,0.599267155,0.645744211,0.597832766,0.584849251,0.676259946,0.652658575,0.629811768,0.663192948,0.615854271,0.636975516,0.493518647,0.366879292,0.632826326,0.658348769,0.556742785,0.544761513,0.457356351,0.441263882,0.321155995,0.542668537,0.596899922,0.663879729,0.436629932,0.421887872,0.413185556,0.532828573,0.597794256,0.551527579,0.547842998,0.547842998,0.579682488,0.561235327,0.567317637,0.552981363,0.464251293,0.384553232,0.387911315,0.398981629,0.438298329,0.426346663,0.536426917,0.446989682,0.495448737,0.49915625,0.479698597,0.499466124,0.541753864,0.571858296,0.538854346,0.479396221,0.593453524,0.559571718,,0.993213168,0.135522389,0.246742237,0.246266111,0.222357989,0.568999911,0.511122684,0.571791234,0.356725777,0.379659417,0.422276322,0.473161137,0.339987797,0.373263396
58,17.69571,11,0.398411361,58,0.652667849,0.577494623,0.571457156,0.557383764,0.577253797,0.673161376,0.691679217,0.645323823,0.632518747,0.715316756,0.689682566,0.663474254,0.677541214,0.639126898,0.665728698,0.517286278,0.431668576,0.646343665,0.693725746,0.588547135,0.585614917,0.522825654,0.484175847,0.361162825,0.573349699,0.624161592,0.689467672,0.467779778,0.456847425,0.452811413,0.565483889,0.631274178,0.586678252,0.654581329,0.654581329,0.629668617,0.644347779,0.611294264,0.597294173,0.522111497,0.435616423,0.455127434,0.458633758,0.512845898,0.462951413,0.583166967,0.494721875,0.538792249,0.536342624,0.511943161,0.531361921,0.584442796,0.68241197,0.584654978,0.511166524,0.621199516,0.592547686,0.993213168,,0.136746682,0.343194732,0.336557364,0.279289292,0.536731912,0.532477319,0.529916293,0.393174225,0.424587234,0.465981132,0.465628767,0.394224562,0.432354238
59,16.9168281,11,,59,0.633266413,0.573514129,0.578457726,0.576282196,0.585226397,0.616663664,0.699857844,0.645134198,0.641186478,0.71595322,0.682171362,0.671642876,0.73282444,0.674423344,0.714891814,0.539162314,0.413698672,0.658655964,0.734465496,0.593754318,0.591488916,0.522358262,0.513325447,0.379542599,0.596994465,0.642575296,0.775851563,0.537151877,0.48793119,0.485752193,0.591861435,0.681262621,0.635253167,0.611171463,0.611171463,0.638643397,0.636689648,0.642818879,0.621558843,0.537466751,0.453385182,0.461353455,0.426888362,0.468517888,0.443889322,0.635334484,0.537862855,0.578392713,0.562211564,0.538734732,0.559214435,0.614779121,0.632991498,0.661746151,0.511326753,0.619461453,0.582978217,0.135522389,0.136746682,,0.311477534,0.313956385,0.296984135,0.535133123,0.529391664,0.535528431,0.398213769,0.414718487,0.452688368,0.457588527,0.411967845,0.435433314
6,17.7534642,11,,6,0.519633213,0.443633511,0.42345828,0.648573424,0.679736233,0.692927783,0.47744348,0.427578484,0.48887794,0.698233166,0.699345519,0.663977713,0.649138952,0.584726268,0.571616246,0.542635663,0.374731929,0.627321945,0.658137772,0.489383859,0.488552332,0.498512679,0.524483612,0.441224678,0.527585678,0.574141771,0.662236457,0.477217242,0.454239998,0.43231777,0.513228753,0.581774878,0.527648433,0.52857159,0.52857159,0.577731852,0.494825174,0.488831215,0.477342765,0.475284288,0.413283253,0.387493757,0.393731639,0.342187537,0.345962883,0.577739279,0.437738716,0.492337685,0.423643627,0.447597932,0.457681856,0.552418913,0.529391997,0.495898985,0.459185515,0.564431511,0.535156476,0.246742237,0.343194732,0.311477534,,0.119478674,0.141869261,0.424217859,0.448323786,0.433178879,0.413617277,0.429961797,0.464623284,0.339855895,0.298652827,0.28542895
61,18.3128152,11,,61,0.461733184,0.369486282,0.383198457,0.585122112,0.61353523,0.636356998,0.43245469,0.462763794,0.372299258,0.657991332,0.655195797,0.614959793,0.595259294,0.51643445,0.522956122,0.475962638,0.318594896,0.532837213,0.542468258,0.412328968,0.421993218,0.495631347,0.546279673,0.424285242,0.469142872,0.513765575,0.677824322,0.464343783,0.43434288,0.464964187,0.475416785,0.537969613,0.485186356,0.524141739,0.524141739,0.57692942,0.445626115,0.435221456,0.434246124,0.47336478,0.389788898,0.343493286,0.278911959,0.364675212,0.334276761,0.474854463,0.398142416,0.44183435,0.385232795,0.43318323,0.416997253,0.448617749,0.483988631,0.44951877,0.379678697,0.477553186,0.443883367,0.246266111,0.336557364,0.313956385,0.119478674,,0.798637722,0.377521557,0.418774638,0.387474692,0.352762363,0.36957797,0.457998762,0.251464717,0.234735437,0.233739327
62,18.273357,11,,62,0.513383334,0.428816549,0.418345824,0.595856683,0.631121975,0.651656716,0.463779236,0.413776262,0.392859895,0.672974388,0.681667531,0.642993686,0.623464256,0.567488277,0.569821964,0.495485187,0.348856395,0.569456178,0.56467856,0.462658255,0.468928293,0.471265996,0.562827343,0.395153676,0.49439166,0.539467483,0.626814569,0.465931932,0.436214293,0.4133978,0.489475792,0.547362977,0.494268249,0.535881559,0.535881559,0.585917952,0.468516143,0.456851168,0.456346143,0.464344664,0.394231755,0.348753416,0.284119172,0.354819313,0.329998387,0.488629832,0.439322714,0.447753377,0.447758756,0.423393119,0.433297241,0.47274747,0.549922456,0.471292457,0.394371979,0.596825942,0.477617214,0.222357989,0.279289292,0.296984135,0.141869261,0.798637722,,0.411134739,0.433276583,0.418727395,0.351549889,0.376128178,0.453598315,0.318997159,0.266213917,0.276435534
63,16.269757,11,,63,0.541679511,0.451254832,0.496671337,0.688562768,0.731193285,0.725183176,0.447521533,0.4257394,0.388877236,0.752841643,0.758911439,0.727698375,0.661345593,0.595563366,0.663844573,0.535951519,0.463434347,0.569725996,0.584783537,0.424987887,0.429543946,0.683974736,0.762334823,0.619625766,0.498883652,0.518442451,0.577112488,0.653531749,0.595652144,0.577534487,0.597799898,0.647549974,0.62125397,0.646696682,0.646696682,0.744397474,0.575373624,0.587153367,0.655377367,0.616725816,0.516121434,0.492964583,0.422389525,0.536244757,0.435619864,0.583521969,0.515942324,0.536451436,0.532953176,0.516246161,0.519643967,0.583221155,0.547567346,0.568286722,0.473491885,0.535637924,0.481759843,0.568999911,0.536731912,0.535133123,0.424217859,0.377521557,0.411134739,,0.111926939,0.573916446,0.434745829,0.477135369,0.518342583,0.373246758,0.378375827,0.381568969
64,16.6543847,11,,64,0.615314887,0.523599843,0.563314682,0.715919986,0.727267117,0.758129699,0.524232618,0.481656432,0.456454298,0.743487659,0.787171428,0.761591329,0.714467325,0.655197653,0.671341716,0.57958868,0.454616767,0.628876837,0.666175785,0.578756699,0.566953225,0.716549166,0.768955823,0.632984612,0.572129188,0.594758898,0.643285662,0.739998771,0.646676474,0.622136265,0.617157295,0.669217768,0.629448945,0.677325938,0.677325938,0.726831226,0.626578513,0.649162833,0.659997247,0.642572175,0.542836433,0.536656568,0.451995882,0.566573555,0.453564884,0.645376912,0.568658353,0.594389613,0.598398261,0.578614259,0.587942466,0.659132224,0.572966714,0.592974718,0.51363654,0.585186658,0.532851317,0.511122684,0.532477319,0.529391664,0.448323786,0.418774638,0.433276583,0.111926939,,0.981519747,0.459924432,0.577974168,0.549842812,0.435565552,0.412461773,0.434526255
65,16.6136577,11,,65,0.56966662,0.478761253,0.525174289,0.699646713,0.711366939,0.734631982,0.479464753,0.451544932,0.416635187,0.72356874,0.773334214,0.745358516,0.658134449,0.647867139,0.693269365,0.543924858,0.418564486,0.584449329,0.616788328,0.441996372,0.439673579,0.797642276,0.772687848,0.634161334,0.521424233,0.523241217,0.579987835,0.66862757,0.614394369,0.594485252,0.613179815,0.669689788,0.616467714,0.666318439,0.666318439,0.71594178,0.581819179,0.697527176,0.621362123,0.626549145,0.532791549,0.519299147,0.451183838,0.567116162,0.466151984,0.655541876,0.533379255,0.553722864,0.54411988,0.526937848,0.537596559,0.599596525,0.565654943,0.58214744,0.489641752,0.554921968,0.499114682,0.571791234,0.529916293,0.535528431,0.433178879,0.387474692,0.418727395,0.573916446,0.981519747,,0.444855888,0.496399621,0.539267575,0.463489613,0.389326252,0.48841527
66,15.8113686,11,,66,0.624531976,0.526887512,0.556549111,0.569858128,0.666944941,0.641776866,0.592476736,0.554396937,0.539551732,0.612194171,0.669214497,0.638158483,0.583397214,0.596873648,0.629891789,0.442178121,0.395923249,0.537644732,0.494885889,0.457979973,0.485117746,0.448394462,0.529263824,0.374384886,0.418244947,0.454348852,0.499393372,0.528278391,0.489627981,0.469267371,0.595272219,0.618779292,0.553942797,0.649759182,0.649759182,0.689611186,0.566375764,0.624527849,0.595533425,0.476761746,0.398663212,0.389341871,0.397787676,0.493318512,0.418477167,0.545697746,0.462775471,0.472714168,0.494125756,0.437335489,0.427231887,0.498569539,0.477398183,0.457543236,0.296179768,0.413367694,0.377315185,0.356725777,0.393174225,0.398213769,0.413617277,0.352762363,0.351549889,0.434745829,0.459924432,0.444855888,,0.285114682,0.172473212,0.345445336,0.345618472,0.382291266
67,16.266733,11,,67,0.588824676,0.478146633,0.527554543,0.621614338,0.651757891,0.755228362,0.566238859,0.555749696,0.53912127,0.776215436,0.719714543,0.669246732,0.694827528,0.55249174,0.616687897,0.463592488,0.378957675,0.483871789,0.54828477,0.483128836,0.543623549,0.497557646,0.537118127,0.393548256,0.511487512,0.548525682,0.675986883,0.536116644,0.514229189,0.496294364,0.619266244,0.643832614,0.637567485,0.627155731,0.627155731,0.647924152,0.668668597,0.635831582,0.617146837,0.598741916,0.438733488,0.434968357,0.414774197,0.464441115,0.415337842,0.591528342,0.461388458,0.465945682,0.481245859,0.496369242,0.435823646,0.547872912,0.576732794,0.491851459,0.292137438,0.364873121,0.344413967,0.379659417,0.424587234,0.414718487,0.429961797,0.36957797,0.376128178,0.477135369,0.577974168,0.496399621,0.285114682,,0.166354366,0.34864219,0.488162882,0.494511463
68,16.3121546,11,,68,0.636123812,0.539551394,0.582636148,0.615299344,0.655985658,0.697499684,0.599976937,0.575825338,0.566457764,0.663293655,0.779289955,0.656468992,0.642789469,0.629435514,0.679681942,0.476868869,0.457858391,0.537996228,0.531769548,0.583672281,0.571112852,0.445537764,0.517838255,0.382531424,0.494243832,0.522889642,0.574739934,0.56773329,0.526629224,0.511655794,0.648656169,0.668928242,0.61521437,0.676999378,0.676999378,0.711429478,0.62488414,0.644417789,0.637453239,0.512665217,0.459138467,0.425627592,0.417518423,0.498596538,0.428566881,0.581463347,0.516546778,0.522312595,0.533889326,0.468495284,0.464115886,0.546349557,0.562292243,0.494529149,0.292449644,0.372291198,0.374462948,0.422276322,0.465981132,0.452688368,0.464623284,0.457998762,0.453598315,0.518342583,0.549842812,0.539267575,0.172473212,0.166354366,,0.358451815,0.418495172,0.417599333
69,16.2699281,11,,69,0.391496546,0.268545681,0.333612453,0.526392878,0.559997852,0.586474338,0.396666444,0.397733431,0.369457114,0.557323777,0.578196273,0.523727824,0.596554597,0.513586967,0.549169955,0.433359574,0.319693496,0.449548553,0.469521872,0.343947364,0.379697885,0.495529652,0.673431676,0.45314219,0.451671487,0.479789793,0.566773216,0.479347187,0.427725766,0.394817958,0.441267118,0.484676897,0.438247636,0.55398744,0.55398744,0.611185226,0.424127125,0.421523235,0.421518978,0.442159161,0.366639858,0.276526292,0.276538313,0.396821843,0.339863165,0.463459588,0.399492645,0.424985647,0.441788964,0.424253961,0.436494381,0.383215754,0.427761716,0.366134165,0.337119234,0.392349949,0.362253532,0.473161137,0.465628767,0.457588527,0.339855895,0.251464717,0.318997159,0.373246758,0.435565552,0.463489613,0.345445336,0.34864219,0.358451815,,0.199827559,0.169597827
7,16.6247666,11,,7,0.521885177,0.417447753,0.432516628,0.478933282,0.515336547,0.528211698,0.489888492,0.439966346,0.411278899,0.541975543,0.553986648,0.516474747,0.632639182,0.57993446,0.577293998,0.513649586,0.376528255,0.575819634,0.51598154,0.436175289,0.414748678,0.488455515,0.538293239,0.398659459,0.451698166,0.491478563,0.569471393,0.467666728,0.411732166,0.364642693,0.395781329,0.435517837,0.377222639,0.529255728,0.529255728,0.683949779,0.42619266,0.441843233,0.443565253,0.442337292,0.322164915,0.263396836,0.285174573,0.417448435,0.358137664,0.519398756,0.411263475,0.456674244,0.488435259,0.492428851,0.492264584,0.363526285,0.413214747,0.383642184,0.419727148,0.566323189,0.481734727,0.339987797,0.394224562,0.411967845,0.298652827,0.234735437,0.266213917,0.378375827,0.412461773,0.389326252,0.345618472,0.488162882,0.418495172,0.199827559,,0.12478737
71,16.7349512,11,,71,0.477255158,0.361515387,0.37844817,0.533879279,0.56882948,0.581145873,0.449572869,0.482558461,0.382452726,0.557989285,0.571961459,0.519424811,0.645712992,0.576339799,0.572444648,0.582532593,0.372833742,0.566239515,0.52659153,0.419146657,0.4279764,0.486187378,0.547236514,0.427478815,0.474565291,0.537289157,0.592692299,0.462556594,0.466823367,0.363979551,0.461739273,0.455825535,0.498125575,0.523637586,0.523637586,0.635783226,0.426436185,0.43243532,0.427878556,0.436613439,0.343965923,0.284636384,0.271698283,0.374368187,0.334325792,0.515757196,0.428935494,0.474145853,0.473693355,0.474614364,0.479642687,0.371383853,0.427361278,0.365178337,0.417997285,0.481847384,0.475724424,0.373263396,0.432354238,0.435433314,0.28542895,0.233739327,0.276435534,0.381568969,0.434526255,0.48841527,0.382291266,0.494511463,0.417599333,0.169597827,0.12478737,